Image_id,Link,Website,Author,Resolution,Date_accessed,Added_by,checksum,visual_hash
2,https://stock.adobe.com/nl/images/rear-view-of-a-tank-truck-transporting-highly-flammable-dangerous-goods/374965649?prev_url=detail,Adobe Stock,M. Perfectti,1000x667,06/02/2025 18:06,Ewaldo Nieuwenhuis,40d1256567c4cb137728772331823c6178e47bd0dd1fec37939db28b1896d7a2,fffe9a9a98c18000
3,https://stock.adobe.com/images/diesel-truck-maz-in-work-closeup-fuel-tank-truck-with-adr-sign-30-1202-on-suburban-asphalted-road-inflammable-liquid-goods-transportation/539794111,Adobe Stock,Ilya,1000x750,06/02/2025 18:06,Ewaldo Nieuwenhuis,2e00559ed8bf64a544ec4a3934b7a339814e79aa3f4d60681583975d97db0594,ff13177f00000080
4,https://stock.adobe.com/nl/images/el-ejido-almeria-1-24-2025-fuel-tanker-truck-from-the-company-moeve-entering-a-roundabout-rear-view/1233980099,Adobe Stock,M. Perfectti,1000x668,06/02/2025 18:06,Ewaldo Nieuwenhuis,File not found,File not found
5,https://stock.adobe.com/nl/images/el-ejido-almeria-1-24-2025-fuel-tanker-truck-from-the-company-moeve-driving-under-a-bridge-rear-view/1233980321,Adobe Stock,M. Perfectti,1000x668,06/02/2025 18:07,Ewaldo Nieuwenhuis,File not found,File not found
6,https://stock.adobe.com/nl/images/truck-driving-on-a-highway-with-a-tank-container-with-labels-and-danger-panels-for-toxic-liquids-according-to-the-international-treaty-on-dangerous-goods-a-d-r/811298038,Adobe Stock,M. Perfectti,1000x668,06/02/2025 18:07,Ewaldo Nieuwenhuis,a4e082b179aa611f058f50bcc4b0ef1121980f7825dde34d6751218ce0977abf,c1fffff300000040
7,https://stock.adobe.com/nl/images/tanker-truck-with-trailer-driving-on-the-highway-with-orange-plates-for-dangerous-liquids-and-corrosive-panels-according-to-adr/1049210244?prev_url=detail,Adobe Stock,M. Perfectti,1000x668,06/02/2025 18:07,Ewaldo Nieuwenhuis,69a5ee21e542838fe125d958d320d44e40bf5ded1ca6af0293618abe10e6f014,dfffffe04e000000
8,https://stock.adobe.com/nl/images/el-ejido-almeria-1-24-2025-fuel-tanker-truck-from-the-company-moeve-driving-on-a-conventional-road-rear-view/1233980319,Adobe Stock,M. Perfectti,1000x668,06/02/2025 18:07,Ewaldo Nieuwenhuis,File not found,File not found
9,https://stock.adobe.com/nl/images/tanker-truck-transporting-refrigerated-liquid-oxygen-with-adr-label-for-oxidizing-product-and-not-flammable-or-toxic/672433163?prev_url=detail,Adobe Stock,M. Perfectti,1000x668,06/02/2025 18:07,Ewaldo Nieuwenhuis,6f44eb408e91840c22e406dfc37285699ed0955a7240b981480689f778759e0f,fffff8fc1c040000
10,https://stock.adobe.com/nl/images/seville-5-9-2024-tanker-truck-with-the-emblem-of-the-energy-company-repsol-painted-on-the-tanker-with-a-dramatic-sky-at-sunset/817698998?prev_url=detail,Adobe Stock,M. Perfectti,1000x668,06/02/2025 18:07,Ewaldo Nieuwenhuis,a5c4f5e816f7eac1240186149e4aeb8b00e613ea6d99b96419eb25cff80839c8,ffe1ffffe1020000
11,https://stock.adobe.com/nl/images/vigo-pontevedra-6-18-2024-fuel-tanker-truck-with-repsol-image-driving-on-a-highway/938912214,Adobe Stock,M. Perfectti,1000x668,06/02/2025 18:07,Ewaldo Nieuwenhuis,fc1a7793906a7490562e82b224a07249ae72f0f5da1be0dd523717773fda40b0,001f3e7ef8e0c080
12,https://stock.adobe.com/nl/images/ciudad-real-9-26-2024-tanker-truck-with-the-image-of-repsol-traveling-quickly-on-the-highway-with-an-effect-created-to-give-the-sensation-of-speed-in-the-vehicle/1001709626,Adobe Stock,M. Perfectti,1000x659,06/02/2025 18:08,Ewaldo Nieuwenhuis,279d852c3b78900d5874550499615f689df0c2f966c3d175f0d8e494ca9aa683,c1c0f8fe88c0f0ff
13,https://stock.adobe.com/nl/images/orange-colored-plate-with-hazard-identification-number-30-and-un-number-3271-ethers-n-o-s/232859401?prev_url=detail,Adobe Stock,Björn Wylezich,1000x667,06/02/2025 18:08,Ewaldo Nieuwenhuis,24b71e2278bdc14edd61c3cef1a136a5cbb37219248dae44d91c4d4355c97852,ffe3ffff931c0c00
14,https://stock.adobe.com/nl/images/orange-colored-plate-with-hazard-identification-number-80-and-un-number-1830-sulphuric-acid-with-more-than-51-acid/116480929,Adobe Stock,Björn Wylezich,1000x667,06/02/2025 18:08,Ewaldo Nieuwenhuis,5691e90d7c170830dfe23fc46c8f3e5a5a0fb8fb20462adbf2dd6c7bfbc9f5b8,c7e3db0e0783c1f1
15,https://stock.adobe.com/nl/images/orange-colored-plate-with-hazard-identification-number-30-and-un-number-3271-ethers-n-o-s/232859414,Adobe Stock,Björn Wylezich,1000x667,06/02/2025 18:08,Ewaldo Nieuwenhuis,31254a53401c0eac7b17b2be725ffdbebf25d580e1f067a49f56db7e301ca832,ff5f270303030b01
16,https://stock.adobe.com/nl/images/gefahrentafel-mit-gefahrnummer-23-un-nummer-1965-kohlenwasserstoff-gas-gemisch-verflussigt-n-a-g/42286975?prev_url=detail,Adobe Stock,Björn Wylezich,1000x667,06/02/2025 18:08,Ewaldo Nieuwenhuis,e46a61036c324803eb1bd3073bb94c9b498fde0d4318c0a85136ddab4649acb6,80f0f8e363e3733f
17,https://stock.adobe.com/nl/images/gefahrguttransport-dieselkraftstoff-oder-gas-l-oder-heiz-l-leicht/42287010,Adobe Stock,Björn Wylezich,1000x667,06/02/2025 18:08,Ewaldo Nieuwenhuis,e814bd45845c2e80ef7029372423cd8ca001c1480bb70ad2388526901619022a,3f1f0f1f17060200
18,https://stock.adobe.com/nl/images/gefahrguttransport-dieselkraftstoff-oder-gas-l-oder-heiz-l-leicht/54020943,Adobe Stock,Björn Wylezich,1000x667,06/02/2025 18:08,Ewaldo Nieuwenhuis,e30c66c3ecfec754c8bc30ef9841ece9953870a4997648f7eefd394cbed07d89,fffff7f79c800000
19,https://stock.adobe.com/nl/images/gefahrentafel-mit-gefahrnummer-30-un-nummer-1866-harzlosung-entzundbar/64517662?prev_url=detail,Adobe Stock,Björn Wylezich,1000x666,06/02/2025 18:09,Ewaldo Nieuwenhuis,d364750a80d3cf8b6167bcb7f1cd8fca994c559b62b1fdb8cd45d2b245ad5bce,7f7f3f3939380000
20,https://stock.adobe.com/nl/images/gefahrentafel-mit-gefahrnummer-30-un-nummer-1866-harzlosung-entzundbar/64517572?prev_url=detail,Adobe Stock,Björn Wylezich,1000x667,06/02/2025 18:09,Ewaldo Nieuwenhuis,0c8d12dbf5ca2a1b754472cc68e7b655f2bcedbd9201dd02d561fbec023bff46,fefcfef8d0f00000
21,https://stock.adobe.com/nl/images/gefahrentafel-mit-gefahrnummer-33-un-nummer-3295-kohlenwasserstoffe-flussig-n-a-g/49373643?prev_url=detail,Adobe Stock,Björn Wylezich,1000x667,06/02/2025 18:09,Ewaldo Nieuwenhuis,6cc6f3366556e047b1cf9713dce2e18d4bb51919f7bffa1b7a5e6d4772afada7,003efebe3c3c1c04
22,https://stock.adobe.com/nl/images/gefahrentafel-mit-gefahrnummer-23-un-nummer-1965-kohlenwasserstoff-gas-gemisch-verflussigt-n-a-g/61959278?prev_url=detail,Adobe Stock,Björn Wylezich,1000x667,06/02/2025 18:09,Ewaldo Nieuwenhuis,c8041c541e882f82ba00850a73b42e4f3222d51e1fa92cda2c44364a04c0b7f2,3f3f3c24643c0410
23,https://stock.adobe.com/nl/images/gefahrgutschilder-an-einem-container-auf-einem-lkw-trailer/218171143?prev_url=detail,Adobe Stock,Ronald Rampsch,1000x667,06/02/2025 18:09,Ewaldo Nieuwenhuis,7bd5bc6637d850ee595f1c5310ac95677df1ca5506f7b064f2ef5e03a9057cf8,ff7f7f0f0f060006
24,https://stock.adobe.com/nl/images/ein-gefahrgutschild-an-einem-lkw/495983911,Adobe Stock,Ronald Rampsch,1000x665,06/02/2025 18:09,Ewaldo Nieuwenhuis,e0b79044393d8ad0630004f1b5b88eaba289f7f9fc9f2c58feec09304b8a1158,e7e0f8ecece83c01
25,https://stock.adobe.com/nl/images/gefahrguttafel-an-einem-lkw-hier-kohlenwasserstoffgas/530018963,Adobe Stock,Ronald Rampsch,1000x667,06/02/2025 18:09,Ewaldo Nieuwenhuis,1d722ee89ba8a97d403f5ddeca57cd51fbc36b623f095bf50159b386f4af66df,ff071f070706041e
26,https://stock.adobe.com/nl/images/gefahrgutlabel-an-einem-tankwagen/400087563,Adobe Stock,Ronald Rampsch,1000x667,06/02/2025 18:09,Ewaldo Nieuwenhuis,1de33b2bfd91b0a1a78d717f07e5c1d41304b6302dad551579aabc4eae97707e,fffdfcfd4d004000
27,https://stock.adobe.com/nl/images/deutschland-14-06-2021-a-13-berlin-ein-tanklaster-von-shell-auf-einer-deutschen-autobahn/439502219?prev_url=detail,Adobe Stock,Ronald Rampsch,1000x667,06/02/2025 18:10,Ewaldo Nieuwenhuis,ebcf8de2950f2a705bb6dce148524affdf5cd733c607a02b127c2eee7e179fa0,1f0f01784143dfff
28,https://stock.adobe.com/nl/images/deutschland-boblitz-13-02-2020-ein-tankwagen-von-total/322957164?prev_url=detail,Adobe Stock,Ronald Rampsch,1000x562,06/02/2025 18:10,Ewaldo Nieuwenhuis,16e6f6b83e22e4437a50dce8f79bc27c580a3ab0043e7fcc4346ea44c9fe15f3,ff7b7f70200000ff
29,https://stock.adobe.com/nl/images/orangefarbige-warntafel-gefahrentafel-am-heck-eines-tank-lkws-oben-gefahrnummer-unten-die-un-nummer/218059518?prev_url=detail,Adobe Stock,Ronald Rampsch,1000x667,06/02/2025 18:10,Ewaldo Nieuwenhuis,8ed1afe339773dbcc32c7b7abff0a304b843495da0edfacc14dff67e32a8098d,ffffffe0e3c18000
30,https://stock.adobe.com/nl/images/eine-vorgeschriebene-orangefarbene-warntafel-gefahrentafel-fur-alle-fahrzeuge-die-gefahrgut-transportieren/438879201?prev_url=detail,Adobe Stock,Ronald Rampsch,1000x667,06/02/2025 18:10,Ewaldo Nieuwenhuis,beec3cd92002719ebf64e0e1f0c746794f3c509ac154c9df7ef6168268269ee6,7d684038f8f8f8e7
31,https://stock.adobe.com/nl/images/gefahrgutkennzeichnung-f-r-kohle-oder-russ-tierischen-oder-pflanzlichen-ursprungs-un-1361-gefahrnummer-40/440909478,Adobe Stock,Ronald Rampsch,1000x665,06/02/2025 18:10,Ewaldo Nieuwenhuis,d35dbc4cc02ca6104d4c62794322ddce9aa086cc3668f32c8b02d6de604373e2,fcfeeeee5e740000
32,https://stock.adobe.com/nl/images/gefahrgut-lkw-mit-gefahrgutschildern-fur-entzundbare-flussige-stoffe-3-und-umweltgefahrdende-stoffe-nach-adr-2009/217733913?prev_url=detail,Adobe Stock,Ronald Rampsch,1000x667,06/02/2025 18:10,Ewaldo Nieuwenhuis,File not found,File not found
33,https://stock.adobe.com/nl/images/gefahrentafel-oben-der-gefahrenhinweis-unten-die-un-nummer-des-gefahrgutes/459088506?prev_url=detail,Adobe Stock,Ronald Rampsch,1000x665,06/02/2025 18:10,Ewaldo Nieuwenhuis,ee16e92774219a3eb1128714665daf626ca03f8faeb3514b206857e444b2126a,ffff171c18901100
34,https://stock.adobe.com/nl/images/gefahrgutaufkleber-mit-gefahrgutklasse-und-un-nummer-fur-aceton-auf-einem-container/310063627?prev_url=detail,Adobe Stock,Ronald Rampsch,1000x667,06/02/2025 18:11,Ewaldo Nieuwenhuis,a8776161cc96b0736dc5597dbac7f6cfb3253f6063ba308daabc40aeb8699c9e,0f4f470705852c04
35,https://stock.adobe.com/nl/images/gefahrguttafel-mit-der-22-fur-tiefgekuhltes-gas-und-1977-fur-stickstoff-tiefgekuhlt-flussig/459091803?prev_url=detail,Adobe Stock,Ronald Rampsch,1000x665,06/02/2025 18:11,Ewaldo Nieuwenhuis,83de510aba51d4cb9bb51824c6b6cc4fbfc6d3d54f10d6624d51514611e9e26b,e7eff1e1e101011f
36,https://stock.adobe.com/nl/images/gefahrentafen-23-1965-an-einem-lkw-symbolbild/598602845?prev_url=detail,Adobe Stock,etfoto,1000x667,06/02/2025 18:11,Ewaldo Nieuwenhuis,f3436653e25d686d9bf7488e2e8fd81cb94742d784923f96aa8f4a66161b2712,0008ff9d998dff7f
37,https://stock.adobe.com/nl/images/camion-cisterna-de-mercancias-peligrosas/309114717?prev_url=detail,Adobe Stock,M. Perfectti,1000x667,06/02/2025 18:11,Ewaldo Nieuwenhuis,7254b428cdcd559f4090a3b9356047729b84946280cf10276a1a2325325fed29,ffbfff3f07e70400
38,https://stock.adobe.com/nl/images/camion-cisterna-de-mercancias-peligrosas/297048473,Adobe Stock,M. Perfectti,1000x667,06/02/2025 18:11,Ewaldo Nieuwenhuis,dd852273d3d8468123990104a91f96fbd02fb65550c1769f45135102e92605f2,ffffff7707030000
39,https://stock.adobe.com/nl/images/camion-cisterna-de-mercancias-peligrosas/270480985,Adobe Stock,M. Perfectti,1000x667,06/02/2025 18:11,Ewaldo Nieuwenhuis,841f42dac153de98268722f34e02f8e070c2f2c6ec585be26337559e5548aaa0,fefe0f0e8c0e86ce
40,https://stock.adobe.com/nl/images/camion-cisterna-combustible/251192772,Adobe Stock,M. Perfectti,1000x667,06/02/2025 18:11,Ewaldo Nieuwenhuis,61ba4cf1c6fd82e7916d9ce4348131dce35ab9eb5076ece84542cdfe66f2d24a,fcf9f8f8f0000000
41,https://stock.adobe.com/nl/images/camion-cisterna-combustible/251193349,Adobe Stock,M. Perfectti,1000x667,06/02/2025 18:12,Ewaldo Nieuwenhuis,94c84abbc6750ad99ab9f2629b87c5e0420bc9bd0289781949cf0179600f5db5,fffffffd0c000000
42,https://stock.adobe.com/nl/images/camion-cisterna-combustible/251194397?prev_url=detail,Adobe Stock,M. Perfectti,1000x667,06/02/2025 18:12,Ewaldo Nieuwenhuis,c2641f5afcfebb87bf2c5b4e37179354a8bfad78d4d29bfa70db776cc049c10a,fb7f3f3f21000100
43,https://stock.adobe.com/nl/images/camion-cisterna-combustible/251193594?prev_url=detail,Adobe Stock,M. Perfectti,1000x667,06/02/2025 18:12,Ewaldo Nieuwenhuis,e99778851a255ab03af766ea4d52cec68230e0af72585b7a6ea611aa9cf8e669,bebf7f7f08000000
44,https://stock.adobe.com/nl/images/camion-cisterna-combustible/251190679,Adobe Stock,M. Perfectti,1000x667,06/02/2025 18:12,Ewaldo Nieuwenhuis,a39446cf7ef8f2d21ce665a2b743b3ca5e5de80a864a4df14910fecc20b73dd6,c7ffffff02000000
45,https://stock.adobe.com/nl/images/camion-cisterna-de-mercancias-peligrosas/286089873,Adobe Stock,M. Perfectti,1000x667,06/02/2025 18:12,Ewaldo Nieuwenhuis,482f918f32efe4a70f366faaf357d79dacad7e14ef7d9a36ffcf2638a6903fc5,fbfffde0f4040000
46,https://stock.adobe.com/nl/images/camion-cisterna-combustible/251195086?prev_url=detail,Adobe Stock,M. Perfectti,1000x667,06/02/2025 18:12,Ewaldo Nieuwenhuis,1d8b6d7833b3bf46dbdb5d440445c2d4f6491a0af0351bfff7e9736b573bba81,ffffffbf01000000
47,https://stock.adobe.com/nl/images/camion-cisterna-combustible/251190759?prev_url=detail,Adobe Stock,M. Perfectti,1000x667,06/02/2025 18:12,Ewaldo Nieuwenhuis,ade0b49c90414249f19e0e7abc9f594adb791e3d7b29d49233ec3a9838a4ec0d,ffffffffe0c0c0c0
48,https://stock.adobe.com/nl/images/camion-cisterna-de-mercancias-peligrosas/286082595?prev_url=detail,Adobe Stock,M. Perfectti,1000x667,06/02/2025 18:12,Ewaldo Nieuwenhuis,58040de1dffdecab59beae469a29e9f7ebcd23aa55e6bd8d62df56ef2bf8d2d7,fefe9c98b0841cfc
49,https://stock.adobe.com/nl/images/camion-cisterna-de-mercancias-peligrosas-al-amanecer-o-atardecer/286068225?prev_url=detail,Adobe Stock,M. Perfectti,1000x667,06/02/2025 18:13,Ewaldo Nieuwenhuis,0106f8b593b758e3e89fc212ed99306c9fe476fbb075c918c5a0f5517cdf5602,ff8f8f8301000000
50,https://stock.adobe.com/nl/images/camion-cisterna-de-mercancias-peligrosas/271067780?prev_url=detail,Adobe Stock,M. Perfectti,1000x667,06/02/2025 18:13,Ewaldo Nieuwenhuis,File not found,File not found
51,https://stock.adobe.com/nl/images/camion-cisterna-combustible/251194709?prev_url=detail,Adobe Stock,M. Perfectti,1000x667,06/02/2025 18:13,Ewaldo Nieuwenhuis,File not found,File not found
52,https://stock.adobe.com/nl/images/camion-cisterna-combustible/251191700?prev_url=detail,Adobe Stock,M. Perfectti,1000x667,06/02/2025 18:13,Ewaldo Nieuwenhuis,File not found,File not found
53,https://stock.adobe.com/nl/images/zadar-croatia-july-29-2021-truck-with-tanker-on-the-highway-in-zadar-croatia/458079140?prev_url=detail,Adobe Stock,Denis Rozhnovsky,1000x676,06/02/2025 18:13,Ewaldo Nieuwenhuis,e518ec7386cc55acf4b69467de995e8fb6e8e617653162f1562954efca378e0d,fffffffba0010100
54,https://stock.adobe.com/nl/images/tanker-truck-runs-fast-carrying-fossil-fuel-on-the-road/539562172?prev_url=detail,Adobe Stock,ChiccoDodiFC,1000x667,06/02/2025 18:13,Ewaldo Nieuwenhuis,5c8d38c2671e5d607d887be49103f3b58c754445b3db6d12b0be3c918ac23e4f,ffff9e1f01000000
55,https://stock.adobe.com/nl/images/fuel-tanker-speeding-along-highway-noise-barriers-with-hazardous-material-r-sign/1073015209,Adobe Stock,ChiccoDodiFC,1000x646,06/02/2025 18:13,Ewaldo Nieuwenhuis,58c0110e5833e77a8b9a60f1937a201482391dac1dfcb5b7ed5649710abd6754,dfffff8400080003
56,https://stock.adobe.com/nl/images/fuel-tanker-speeding-toward-refueling-stations-and-highway-noise-barriers/1073015003,Adobe Stock,ChiccoDodiFC,1000x635,06/02/2025 18:14,Ewaldo Nieuwenhuis,e5507bd934afc2a8460f729317f62beeba27c417341b7216657f58b41a2c7ac6,ffff5fce00800003
57,https://stock.adobe.com/nl/images/fuel-tanker-transporting-fuel-from-refinery-to-highway-gas-station/1073015762,Adobe Stock,ChiccoDodiFC,1000x655,06/02/2025 18:14,Ewaldo Nieuwenhuis,29afa73e4e33f5d23b13d91b10bc022f584f6fcb85e3facf020ce32db9b28af3,ffffffffc3000001
58,https://stock.adobe.com/nl/images/tanker-truck-in-the-busy-street-for-transporting-flammable-material/528173222?prev_url=detail,Adobe Stock,ChiccoDodiFC,1000x647,06/02/2025 18:14,Ewaldo Nieuwenhuis,f360bd714511f5b4c6f72626be0159260ed137cdcb9f7895cc755010fa544ae9,fefe1e1f05404100
59,https://stock.adobe.com/nl/images/feira-de-santana-bahia-brazil-september-13-2022-fuel-tank-truck-traveling-along-the-br-324-highway-in-feira-de-santana/531156311?prev_url=detail,Adobe Stock,Joa Souza,1000x667,06/02/2025 18:14,Ewaldo Nieuwenhuis,7430640d0b05d3905ad764e13110d90bf5c48e3e2a86123a07a8b7f2a24513fe,fffff8c000000000
60,https://stock.adobe.com/nl/images/serra-preta-bahia-brazil-september-13-2022-truck-traveling-along-the-ba-052-highway-in-the-city-of-serra-preta/531156330?prev_url=detail,Adobe Stock,Joa Souza,1000x667,06/02/2025 18:14,Ewaldo Nieuwenhuis,409f0a03c357891fe89e4ada77b814ea7a9192bc736c8472aebd02100fc4ddaf,ff0707179787077f
61,https://stock.adobe.com/nl/images/orlen-koltrans/1175600910?prev_url=detail,Adobe Stock,Tomasz Warszewski,1000x668,06/02/2025 18:14,Ewaldo Nieuwenhuis,305ee5dc06496ac5cb2da8451d7a1be2d57adb892e7c4221b67decd87c0e6bd2,fffefefaf8100000
62,https://stock.adobe.com/nl/images/wiehl-germany-june-26-2020-gierse-daf-xf-truck-with-tank-trailer-on-motorway/374510860?prev_url=detail,Adobe Stock,Björn Wylezich,1000x667,06/02/2025 18:14,Ewaldo Nieuwenhuis,47480eee1b38db8ede5d1b7299b67e9eb7677d0f856ba74240e24b1cb32f45a6,98c33f8cc1e571fc
63,https://stock.adobe.com/nl/images/a-truck-carries-a-tank-of-combustible-fuel-on-a-highway-against-a-forest-and-blue-sky-the-concept-of-transportation-of-dangerous-goods-on-the-road-license-sunset/343396507?prev_url=detail,Adobe Stock,HENADZY,1000x556,06/02/2025 18:15,Ewaldo Nieuwenhuis,File not found,File not found
64,https://stock.adobe.com/nl/images/white-tanker-truck-transporting-diesel-fuel-adr-30-1202-in-heavy-snowfall/480004134?prev_url=detail,Adobe Stock,Taina Sohlman,1000x667,06/02/2025 18:15,Ewaldo Nieuwenhuis,f8e716020b84a7e5d43c124626de91ec9f8f086ce481b3d59f54f53e6adee9c0,1018fce6c6e6f2f8
65,https://stock.adobe.com/nl/images/tanklaster-mit-gefahrentafel/49978343?prev_url=detail,Adobe Stock,th-photo,1000x667,06/02/2025 18:15,Ewaldo Nieuwenhuis,f2bfda364e08471ae929c250c6c54bb49d1c35fd4eae8b3f2f8a889aa3bd2f09,8080ceecccc0fdff
66,https://stock.adobe.com/nl/images/gefahrgutkennzeichnung-fur-kohle-oder-russ-tierischen-oder-pflanzlichen-ursprungs-un-1361-gefahrnummer-40/440909478?prev_url=detail,Adobe Stock,Ronald Rampsch,1000x665,06/02/2025 18:15,Ewaldo Nieuwenhuis,d35dbc4cc02ca6104d4c62794322ddce9aa086cc3668f32c8b02d6de604373e2,fcfeeeee5e740000
67,https://stock.adobe.com/nl/images/white-volvo-fh-fuel-tanker-for-adr-gasoline-transport/428996321?prev_url=detail,Adobe Stock,Taina Sohlman,1000x667,06/02/2025 18:15,Ewaldo Nieuwenhuis,50428e465aa410c486e10701aa1508460c6888bf0a0b012705457171e6f669b6,f6e8f8f87c08e0f9
68,https://stock.adobe.com/nl/images/white-volvo-fh-tank-truck-hauls-neste-diesel-fuel-adr-30-1203-on-road-in-the-summer-volvo-fh-semi-trailer-truck-follows/495058140?prev_url=detail,Adobe Stock,Taina Sohlman,1000x667,06/02/2025 18:15,Ewaldo Nieuwenhuis,2572b9c776fd916360cd386c2ce1a70ebf31905db4c428d1e5668e05c4305c75,ff0060607083c3ff
69,https://stock.adobe.com/nl/images/volvo-fh-tank-truck-transporting-gasoline-fuel-adr-code-33-1203-on-the-road-in-autumn/484181247?prev_url=detail,Adobe Stock,Taina Sohlman,1000x667,06/02/2025 18:15,Ewaldo Nieuwenhuis,95729a52e1ab3be324b575b77f9fd4f25f9e750b4ff97b4dff1d2966582100c0,bf0703030808063c
70,https://stock.adobe.com/nl/images/white-volvo-fh-tank-truck-transports-gasoline-fuel-adr-code-33-1203-on-rural-highway-on-a-day-of-summer/872816341?prev_url=detail,Adobe Stock,Taina Sohlman,1000x667,06/02/2025 18:15,Ewaldo Nieuwenhuis,5e67b4a0bfcdd8aab12fabb3f8243413a91834fefa08e686720babab0940e32d,ffff792c3e0043fe
71,https://stock.adobe.com/nl/images/white-mercedes-benz-actros-truck-tank-trailer-transports-diesel-fuel-adr-code-30-1202-on-motorway-in-the-summer-copy-space/764042070?prev_url=detail,Adobe Stock,Taina Sohlman,1000x667,06/02/2025 18:16,Ewaldo Nieuwenhuis,16656123bf9cdadfdff546267b462d0a36c3ceab32c1715f68c1ff608ba16f5c,303e3f392e0e373f
72,https://stock.adobe.com/nl/images/white-volvo-fh-tank-truck-transports-diesel-fuel-adr-code-33-1203-on-rural-highway-on-a-day-of-summer/744565485?prev_url=detail,Adobe Stock,Taina Sohlman,1000x667,06/02/2025 18:16,Ewaldo Nieuwenhuis,ad2ddde29919536d2b586fc28a918cbab489ade1b45d111c51c7f97000a6c13b,ff9b2060c484877f
73,https://stock.adobe.com/nl/images/two-new-white-volvo-fh-tanker-trucks-for-dangerous-goods-transport-adr-codes-23-1965-hydrocarbon-gas-and-33-1203-gasoline/739855695?prev_url=detail,Adobe Stock,Taina Sohlman,1000x667,06/02/2025 18:16,Ewaldo Nieuwenhuis,1cf341299c9e5a46e3695d37e02cba406f9a9e499225bb1dcc34fa2e157c1b31,ff2000ccbf1a11ff
74,https://stock.adobe.com/nl/images/volvo-fh-tank-truck-delivers-gasoline-fuel-in-city-adr-code-33-1203-signifies-gasoline-fuel/484181244?prev_url=detail,Adobe Stock,Taina Sohlman,1000x667,06/02/2025 18:16,Ewaldo Nieuwenhuis,bd601a43fdbf89c931fd89f6f8f8755930fdd0d1342500eaa4bd8b014a79b06d,ffefcf464e020000
75,https://stock.adobe.com/nl/images/white-scania-tank-truck-for-adr-transport-on-road-in-winter-adr-code-80-3264-signifies-acidic-inorganic-corrosive-liquid/542673984?prev_url=detail,Adobe Stock,Taina Sohlman,1000x667,06/02/2025 18:16,Ewaldo Nieuwenhuis,840fcd5dd0efe32f732ba948adb7982f055fa178e0c40bbba05ab76e572ac98a,ffffff00000280f8
76,https://stock.adobe.com/nl/images/new-daf-xg-semi-tanker-for-adr-liquid-transport-at-speed-on-highway-adr-code-60-2312-signifies-phenol-molten/536879950?prev_url=detail,Adobe Stock,Taina Sohlman,1000x667,06/02/2025 18:16,Ewaldo Nieuwenhuis,6ffa21891f9174ff74d054d8fa8c0b92a2797b27d2bb577387f64abb9369094e,0f0218051c68e3ff
77,https://stock.adobe.com/nl/images/new-scania-volvo-and-renault-heavy-trucks-parked-on-a-truck-stop-yard-front-view/889111966?prev_url=detail,Adobe Stock,Taina Sohlman,1000x667,06/02/2025 18:16,Ewaldo Nieuwenhuis,83e8262699a60b952eda9d0b9c58cde3077d85470b18abb6a14f94087d8e6ed3,fff89813830003ff
78,https://stock.adobe.com/nl/images/lkw-warntafel-33-1203/18848949?prev_url=detail,Adobe Stock,Alberich,750x1000,06/02/2025 18:17,Ewaldo Nieuwenhuis,02f323dd17b3e06223f6d3da5429e0dfd092cd5a252ad15c613636520e5a1934,feffff0703000801
79,https://stock.adobe.com/nl/images/lkw-schild-warntafel-diesel-heiz-l-33-1202/18849444,Adobe Stock,Alberich,750x1000,06/02/2025 18:17,Ewaldo Nieuwenhuis,f1f6302963b1761bc9ccb887b9e847e33fbd32b73059d2a75302f521bd5fac13,ffff7f7f00000000
80,https://stock.adobe.com/nl/images/gefahrgut-lkw-mit-warnschild/40950637,Adobe Stock,Alberich,667x1000,06/02/2025 18:17,Ewaldo Nieuwenhuis,8fb3ea3e4bdac613ccdca75ada019f302be19582dddcec1c85846bc6919cd941,ffff8000420301ff
81,https://stock.adobe.com/nl/images/a-truck-carries-a-tank-of-combustible-fuel-on-a-highway-against-a-forest-and-blue-sky-the-concept-of-transportation-of-dangerous-goods-on-the-road-license/325743579?prev_url=detail,Adobe Stock,HENADZY,1000x682,06/02/2025 18:17,Ewaldo Nieuwenhuis,53e9b6eed29e6cd63b6ab20feeaf8eb03a75ae9457cee6eb934bc8bcc370878f,f8f0e09818076090
82,https://stock.adobe.com/nl/images/white-mercedes-benz-actros-semi-tanker-adr-transport-at-summer/403652641?prev_url=detail,Adobe Stock,Taina Sohlman,1000x667,06/02/2025 18:17,Ewaldo Nieuwenhuis,5f88eda9e350132ccf9c5839ae2b44c199796048677ba8b0a53996578944a181,f03868609283c77f
83,https://source.roboflow.com/XZtYbRZ7qB4ilZN5GngD/NPejKZ41aLkTWI2pWGNX/original.jpg,Roboflow,masters-thesis-yolo-model,808x1080,06/02/2025 19:55,Ewaldo Nieuwenhuis,017d8aa7f7e53b2242370a8212bd5a0190ff7ae7703c46aa571e970732e6c9a6,ff838303007d7900
84,https://source.roboflow.com/XZtYbRZ7qB4ilZN5GngD/PVgNyBENg7Jf30ZON8ZR/original.jpg,Roboflow,masters-thesis-yolo-model,810x1080,06/02/2025 19:55,Ewaldo Nieuwenhuis,faf48692022f326640cad4851ce259988d3a1ad8d66d5385ad16cedcee449500,ffbbff7e9f9800c0
85,https://source.roboflow.com/XZtYbRZ7qB4ilZN5GngD/lanSXXrBwssCLsOBbc04/original.jpg,Roboflow,masters-thesis-yolo-model,810x1080,06/02/2025 19:55,Ewaldo Nieuwenhuis,22eaf41316092c7ec074228dc3006447dc88e0cbb21f7ed8c51dc6e4b8be5ad9,ffff27008381c0e0
86,https://source.roboflow.com/XZtYbRZ7qB4ilZN5GngD/vt4lU1qARm1Al0wm9ooz/original.jpg,Roboflow,masters-thesis-yolo-model,811x1080,06/02/2025 19:55,Ewaldo Nieuwenhuis,f8cae027f9aa530741de32063bdf8bc7e32bca3abdfbfd005c01f2eb7c6f29a8,ffffffff03010080
87,https://source.roboflow.com/XZtYbRZ7qB4ilZN5GngD/PBUbVsQOIKc7g6S7QRw4/original.jpg,Roboflow,masters-thesis-yolo-model,810x1080,06/02/2025 19:55,Ewaldo Nieuwenhuis,e2edb6e5602e18375d3f248c8a34286441a6690e7e08ae939eab5a4cf60b262f,ffffff7f008080c0
88,https://source.roboflow.com/XZtYbRZ7qB4ilZN5GngD/ulwkTKFF3vgmCzLfaXR4/original.jpg,Roboflow,masters-thesis-yolo-model,812x1080,06/02/2025 19:55,Ewaldo Nieuwenhuis,752244b999e0fc8a3e19b678ae735316756dbc376dc8a539098d7bd09184c6b8,ffffff7e1c0081c0
89,https://source.roboflow.com/XZtYbRZ7qB4ilZN5GngD/87sxGQ8PEy7gj4aoKEBC/original.jpg,Roboflow,masters-thesis-yolo-model,811x1080,06/02/2025 19:55,Ewaldo Nieuwenhuis,51b6d5180a622accf729cf1a2fb2689572563c8276301d2c7b3c5ed0e00284a5,ffffff7c87818080
90,https://source.roboflow.com/XZtYbRZ7qB4ilZN5GngD/Wsq4bG2JIUsEXlVoMooe/original.jpg,Roboflow,masters-thesis-yolo-model,807x1079,06/02/2025 19:55,Ewaldo Nieuwenhuis,3d7d6e6d5860c2b38fd0a9f6111c267b144fc751f07189861000d62a4fb78de6,ff87030003fb01c7
91,https://source.roboflow.com/XZtYbRZ7qB4ilZN5GngD/mNwXIlONULvpNbU23Hvk/original.jpg,Roboflow,masters-thesis-yolo-model,811x1080,06/02/2025 19:55,Ewaldo Nieuwenhuis,646a437f4b56bf116a7b6e38ff5704bbd29f1dfe9bc54c4a6e1a8b7e8a1ebeb6,fffffc3c81808081
92,https://source.roboflow.com/XZtYbRZ7qB4ilZN5GngD/I4kuH2jnVgQTauy54jaI/original.jpg,Roboflow,masters-thesis-yolo-model,810x1080,06/02/2025 19:55,Ewaldo Nieuwenhuis,b3c6bfa802bb3a180470277f77e6fdc2d81ab25ec2b4488ac3efb89ac2716d92,fffff7648181c0e0
94,https://source.roboflow.com/XZtYbRZ7qB4ilZN5GngD/zTmAIyMHfbthnlCLaZW4/original.jpg,Roboflow,masters-thesis-yolo-model,810x1079,06/02/2025 19:55,Ewaldo Nieuwenhuis,a6e8067ca9e3cf581685a11d71b6be25bb1f16a673167eee0ee7c8a11be03da0,dfffffbe4f4dc080
95,https://source.roboflow.com/XZtYbRZ7qB4ilZN5GngD/08qq4lFVxmJQZ6hCVQD5/original.jpg,Roboflow,masters-thesis-yolo-model,809x1080,06/02/2025 19:55,Ewaldo Nieuwenhuis,0b6da310b97eb89219d69be81051b716c5b0cfb553922cdd772f889e39a73063,ffffff0900c0c0fb
96,https://source.roboflow.com/XZtYbRZ7qB4ilZN5GngD/hG4e7xOnwFrOQVnJYAOA/original.jpg,Roboflow,masters-thesis-yolo-model,810x1080,06/02/2025 19:55,Ewaldo Nieuwenhuis,0ea0c0d1fd758ac72d86fbfa4f8af4018836aa2abc320c7fa12114ef16723285,fdfffffe3c000000
97,https://source.roboflow.com/XZtYbRZ7qB4ilZN5GngD/qAHNGmcYp0m5ezvxcPQH/original.jpg,Roboflow,masters-thesis-yolo-model,811x1080,06/02/2025 19:55,Ewaldo Nieuwenhuis,52543dc99bec7db69aaf14cff883a7a6182cb50736dcdd9a3323b6ea18c99423,ffc78303000f7980
98,https://source.roboflow.com/XZtYbRZ7qB4ilZN5GngD/Zb55M2bOHl4PJvMc1Po6/original.jpg,Roboflow,masters-thesis-yolo-model,810x1080,06/02/2025 19:55,Ewaldo Nieuwenhuis,a462d73fb811dc7d4883c49e71d2186d2306ebb733b6166698f600cdaeca0518,feffff3f0080e0f8
99,https://source.roboflow.com/XZtYbRZ7qB4ilZN5GngD/UXdTQWbpFW64mCH9UiTX/original.jpg,Roboflow,masters-thesis-yolo-model,809x1080,06/02/2025 19:55,Ewaldo Nieuwenhuis,0f279c38f12cdc20712e5844218b5c9a39147618c3aaa4f63470ebb85cc6dc06,ffffe763838180c0
100,https://source.roboflow.com/XZtYbRZ7qB4ilZN5GngD/OMoG5MiCkD1bz8uQMrnp/original.jpg,Roboflow,masters-thesis-yolo-model,809x1080,06/02/2025 19:55,Ewaldo Nieuwenhuis,ca66927670f43396085d0afb1c38cb2b087981355325f51f9b83c53a35fd92f7,7f0e070004c2ffff
101,https://source.roboflow.com/XZtYbRZ7qB4ilZN5GngD/TwtIBKUQSy2ugUdE6CNB/original.jpg,Roboflow,masters-thesis-yolo-model,812x1080,06/02/2025 19:55,Ewaldo Nieuwenhuis,b001fd630af8e923742901e69ab9c2cae190f51015918fb483938e8298e4d66d,fffffff7810100c0
102,https://source.roboflow.com/XZtYbRZ7qB4ilZN5GngD/BGn1JmQz0hgCNUE73cZu/original.jpg,Roboflow,masters-thesis-yolo-model,810x1079,06/02/2025 19:55,Ewaldo Nieuwenhuis,00482f7d2431ea54a1f41c98b899607a17144d71cce06d139962967c549713d9,ffff7fd3000140c0
103,https://source.roboflow.com/XZtYbRZ7qB4ilZN5GngD/eNI1H2fEPbbBGOXIiloc/original.jpg,Roboflow,masters-thesis-yolo-model,808x1080,06/02/2025 19:55,Ewaldo Nieuwenhuis,dc967168b4d3211135c77d5b7f63debd48f0a7e479261703c811e7ce879769dd,ffffff3e0000b0c0
104,https://source.roboflow.com/XZtYbRZ7qB4ilZN5GngD/rNgCMy0iMoVGTfe4r476/original.jpg,Roboflow,masters-thesis-yolo-model,808x1080,06/02/2025 19:55,Ewaldo Nieuwenhuis,ec429ff9bf4c68008ddfc737a5141ff4c39c10074dfe127717521e314cc460b6,ffffe663818180e0
105,https://source.roboflow.com/XZtYbRZ7qB4ilZN5GngD/R1G9lt44JpamkwtL4EGS/original.jpg,Roboflow,masters-thesis-yolo-model,809x1080,06/02/2025 19:55,Ewaldo Nieuwenhuis,ba149e94beb1ba6db7dab269980936f5c58909271450d3d265e388b7418f6757,fffffe7e180080e0
106,https://source.roboflow.com/XZtYbRZ7qB4ilZN5GngD/UFyhtKw3i30QrjrBJAB5/original.jpg,Roboflow,masters-thesis-yolo-model,4272x2848,06/02/2025 19:55,Ewaldo Nieuwenhuis,f71a9aae9b1c9221aaecdb2c91370a47245dd9026bce5521e532785076c1253a,ffffffe060000000
107,https://source.roboflow.com/XZtYbRZ7qB4ilZN5GngD/hgJ7aAxryy60ljrJ4FRP/original.jpg,Roboflow,masters-thesis-yolo-model,4272x2848,06/02/2025 19:55,Ewaldo Nieuwenhuis,b6500d251d463a63d05816cdd06ed77f8ec3100307c10b9972479acadca1feef,ffffe3e040008040
108,https://source.roboflow.com/XZtYbRZ7qB4ilZN5GngD/ZOuKkEEjw31gKIHHmF8O/original.jpg,Roboflow,masters-thesis-yolo-model,768x1024,06/02/2025 19:55,Ewaldo Nieuwenhuis,b8f1c599702c2811f3fa82b8007fc8f39d7ef82c0cfa424c2f3055136fc6436c,ffffff1000000000
109,https://source.roboflow.com/XZtYbRZ7qB4ilZN5GngD/3k19lS1nbNiWrhahAI74/original.jpg,Roboflow,masters-thesis-yolo-model,768x1024,06/02/2025 19:55,Ewaldo Nieuwenhuis,4e192c2a93fbc249b9972ebf2640ff7a58fe80674e2e7905e9ec415fd02ba255,fffff3a300000100
110,https://source.roboflow.com/XZtYbRZ7qB4ilZN5GngD/c7HydoGj9TnQAqZqAlfN/original.jpg,Roboflow,masters-thesis-yolo-model,768x1024,06/02/2025 19:55,Ewaldo Nieuwenhuis,bdb8ebb24dc6ee0489b8a6f29c73aaf98aad0a6c9c059b7a51876199ea83917a,fffff8e000000000
111,https://source.roboflow.com/XZtYbRZ7qB4ilZN5GngD/THqm7GYe3wZ3dLSQdxoD/original.jpg,Roboflow,masters-thesis-yolo-model,768x1024,06/02/2025 19:55,Ewaldo Nieuwenhuis,bb9181b9b2570201bb4ba3c2a8eaa27fc706d273ad069a632b84579827fa421e,fffffff080000000
112,https://source.roboflow.com/XZtYbRZ7qB4ilZN5GngD/VR6RPvAK1EtPBN2fKbph/original.jpg,Roboflow,masters-thesis-yolo-model,768x1024,06/02/2025 19:55,Ewaldo Nieuwenhuis,180440038bacaf3d6ca4ba8de3b2626275f6e5f4432fa90a715f2f8ec275a01a,ffffffe700000000
113,https://source.roboflow.com/XZtYbRZ7qB4ilZN5GngD/Wl97xCMhKUbKqasGpo6D/original.jpg,Roboflow,masters-thesis-yolo-model,768x1024,06/02/2025 19:55,Ewaldo Nieuwenhuis,5897a99b78e08def4ebc54df77c311472e3c666d1e690d03d2f818e9160e2414,fffffe4400800100
114,https://source.roboflow.com/XZtYbRZ7qB4ilZN5GngD/z1uSKgSX9h1KipvDOCJM/original.jpg,Roboflow,masters-thesis-yolo-model,960x720,06/02/2025 19:55,Ewaldo Nieuwenhuis,2d08efebbc2a8cb682f767cd0ab27261fbc75dc02db0b5cc51fe14e770222c57,ffc7cfc40003871f
115,https://source.roboflow.com/XZtYbRZ7qB4ilZN5GngD/Q2MHusyFUBZMkRtq38xR/original.jpg,Roboflow,masters-thesis-yolo-model,4272x2848,06/02/2025 19:55,Ewaldo Nieuwenhuis,43d2c9d90de7fc809ffe0ceffbb8bc7a392808b5935eaa2cd640f82cff00dbc5,fffff3f3e0000000
116,https://source.roboflow.com/XZtYbRZ7qB4ilZN5GngD/Hd8j3kCsuNB4LxaEIjdW/original.jpg,Roboflow,masters-thesis-yolo-model,4272x2848,06/02/2025 19:55,Ewaldo Nieuwenhuis,74c64fd624fc6df3e20eab7d6c7fbc7ddb561ca993269c01dc9a50800d889f60,ffffefcfc0000000
117,https://source.roboflow.com/XZtYbRZ7qB4ilZN5GngD/LuCzLxFjhq5n01edZl6D/original.jpg,Roboflow,masters-thesis-yolo-model,4272x2848,06/02/2025 19:55,Ewaldo Nieuwenhuis,294ede848169c180202bc0f335b55c4bb3066a33ae5c6d34c14c150d30f37c7b,fffff6c0c0000000
118,https://source.roboflow.com/XZtYbRZ7qB4ilZN5GngD/cm8geR7fl1u4QmvUswZm/original.jpg,Roboflow,masters-thesis-yolo-model,4272x2848,06/02/2025 19:55,Ewaldo Nieuwenhuis,7f2441a172a88d01e39c72e69d40f2251c1496d53fee95778bdc39067832ac06,ffffffe8c000c07f
119,https://source.roboflow.com/XZtYbRZ7qB4ilZN5GngD/GjCYCSAqmjsiuYt6ckph/original.jpg,Roboflow,masters-thesis-yolo-model,4272x2848,06/02/2025 19:55,Ewaldo Nieuwenhuis,2d00a6da1089c76590c2c774ddbe6986ea9870c228733faaeef518ff5902caad,ffffffe000000000
120,https://source.roboflow.com/XZtYbRZ7qB4ilZN5GngD/PvUx8LLhqjeEZYFKczpj/original.jpg,Roboflow,masters-thesis-yolo-model,4272x2848,06/02/2025 19:55,Ewaldo Nieuwenhuis,d80b343db717ebe5c8378e999312ec5d30ca94841b925a951541c70c1bb00793,fffff7e780000000
121,https://source.roboflow.com/XZtYbRZ7qB4ilZN5GngD/4b0Z0Or0OpWye723U0OU/original.jpg,Roboflow,masters-thesis-yolo-model,4272x2848,06/02/2025 19:55,Ewaldo Nieuwenhuis,c5691aebcd7f8b9c0be59ffc74a6b5e1266d6c0488f66c71eefa9b0e3c06fc98,fff7e3e1c0000000
122,https://source.roboflow.com/XZtYbRZ7qB4ilZN5GngD/IsKbTV1wEJI2VtaHsp2j/original.jpg,Roboflow,masters-thesis-yolo-model,960x762,06/02/2025 19:55,Ewaldo Nieuwenhuis,dde70d2e9b970711b54afec3d8b472d2ab48451b849726091cabb15b4122348b,7f3f171e0001030f
123,https://source.roboflow.com/XZtYbRZ7qB4ilZN5GngD/LxoAE3vnL5fw6BGdZES5/original.jpg,Roboflow,masters-thesis-yolo-model,4272x2848,06/02/2025 19:55,Ewaldo Nieuwenhuis,411fbfde1bc9a87fef4511afe5ab23e3c5e400918883041c40c3a72fe1475f63,fffcf8f8c000c07e
124,https://source.roboflow.com/XZtYbRZ7qB4ilZN5GngD/me2xJuiy4hollmvO48if/original.jpg,Roboflow,masters-thesis-yolo-model,4272x2848,06/02/2025 19:55,Ewaldo Nieuwenhuis,c5c21838c1b70faf7ef4e4dd00dfc361b5a2b220ec8ac63f98ba47bece56ffdd,ffffede000000248
125,https://source.roboflow.com/XZtYbRZ7qB4ilZN5GngD/scKWjDtSeVMOnD2mvRTW/original.jpg,Roboflow,masters-thesis-yolo-model,4272x2848,06/02/2025 19:55,Ewaldo Nieuwenhuis,e918f06d175724e40429a9f6dbe2efc2e50bf2ac1b1a17c6893cc80f0ca5b810,ffffffe6c0000000
126,https://source.roboflow.com/XZtYbRZ7qB4ilZN5GngD/yf1QmWgEtyxWlI5MPjJN/original.jpg,Roboflow,masters-thesis-yolo-model,868x960,06/02/2025 19:55,Ewaldo Nieuwenhuis,dde87fbb824021989764a6c7f7ecc1b4412d7d5523198fe6869142716c0a455e,ffe3c3c290018103
127,https://source.roboflow.com/XZtYbRZ7qB4ilZN5GngD/U2m3akL8Lr8ipZ7B9xFJ/original.jpg,Roboflow,masters-thesis-yolo-model,4272x2848,06/02/2025 19:55,Ewaldo Nieuwenhuis,eb6e180840c1c5650380c299c0c22e8a614cbe7abb91462ebc3765f7588b6fb8,ffbfff9a1c800103
128,https://source.roboflow.com/XZtYbRZ7qB4ilZN5GngD/PWjUk6flTa2MVSEuGPqQ/original.jpg,Roboflow,masters-thesis-yolo-model,4272x2848,06/02/2025 19:55,Ewaldo Nieuwenhuis,e23366a508673350fd59850e59ed165e57b7ba09458c422138e2c768518587e8,ffffbf1b1c140000
129,https://source.roboflow.com/XZtYbRZ7qB4ilZN5GngD/3xSV3TLbWPIp9LRhwBwr/original.jpg,Roboflow,masters-thesis-yolo-model,4272x2848,06/02/2025 19:55,Ewaldo Nieuwenhuis,8cac95b2aebd5582b6253fd1e3ea5918bc4be5ed6dbc7947abbc132cfc02e810,efc347c300000006
130,https://source.roboflow.com/XZtYbRZ7qB4ilZN5GngD/Dk0P1f8X37NUzXFb2SAa/original.jpg,Roboflow,masters-thesis-yolo-model,4272x2848,06/02/2025 19:55,Ewaldo Nieuwenhuis,70475abafd55a618ed991430cd60b25a3d8060f3e80d30a518a6e611b02dc9e3,ffffffff98000000
131,https://source.roboflow.com/XZtYbRZ7qB4ilZN5GngD/LoKgSKAEBzEIPPN0zVl3/original.jpg,Roboflow,masters-thesis-yolo-model,4272x2848,06/02/2025 19:55,Ewaldo Nieuwenhuis,1ebcf8423f1459ecfa2af0b05bde9f6509f53009b85441dc07139cb24dbbe70e,ffffffbf18000000
133,https://source.roboflow.com/XZtYbRZ7qB4ilZN5GngD/NSDzhigddxTTXD1p6THN/original.jpg,Roboflow,masters-thesis-yolo-model,1536x2048,06/02/2025 19:55,Ewaldo Nieuwenhuis,8e5ac42ec253672f2519afdfb6d1f5af4ba895e463b7c4bc2b90bd02fe12d922,ffffffff1010e6ff
135,https://source.roboflow.com/XZtYbRZ7qB4ilZN5GngD/YDj9ibp4mB2hDhfriCjc/original.jpg,Roboflow,masters-thesis-yolo-model,4272x2848,06/02/2025 19:55,Ewaldo Nieuwenhuis,0c6d443ac63f3d9f74e963b278087d3c402de33ef64e5c6776d0dfca29ba7e97,fffef0f8c8000000
136,https://source.roboflow.com/XZtYbRZ7qB4ilZN5GngD/rZPUBswrvLXU2b1HpEK5/original.jpg,Roboflow,masters-thesis-yolo-model,4272x2848,06/02/2025 19:55,Ewaldo Nieuwenhuis,47aba1c18b2bd4c939b9f9328084ec5f4e0231056bc9ca22062dd1ab2e791246,fff8f8f818000000
137,https://source.roboflow.com/XZtYbRZ7qB4ilZN5GngD/uwXTCJRWWzwK0mrSp7z1/original.jpg,Roboflow,masters-thesis-yolo-model,4272x2848,06/02/2025 19:55,Ewaldo Nieuwenhuis,909265c34d282ef00f82025d4c56177922ace1c139656eada29229d1d3bf3d8e,fffffffc00000000
138,https://source.roboflow.com/XZtYbRZ7qB4ilZN5GngD/lLG213MCEhzXEF6ThG3g/original.jpg,Roboflow,masters-thesis-yolo-model,960x918,06/02/2025 19:55,Ewaldo Nieuwenhuis,f238038fe458d86a718b0fa757fbb48b1383f28974a2bbe4416211298ff668e2,fffdc9000180c1e7
139,https://source.roboflow.com/XZtYbRZ7qB4ilZN5GngD/dBt4JrwwHMtbXuNb5vmY/original.jpg,Roboflow,masters-thesis-yolo-model,4272x2848,06/02/2025 19:55,Ewaldo Nieuwenhuis,9cfb9c6a0833ebade27fbc498707bf101c064420d8dfbf14e14711bb58e39ce5,ffffff7e20000000
140,https://source.roboflow.com/XZtYbRZ7qB4ilZN5GngD/nNsKoxOE35XE4Xf9s6MZ/original.jpg,Roboflow,masters-thesis-yolo-model,4272x2848,06/02/2025 19:55,Ewaldo Nieuwenhuis,36d1957484f38af44f95c382b7a2d4c6092a8d1a22eb084eac08a1866cb36634,ffffffffc7000000
141,https://source.roboflow.com/XZtYbRZ7qB4ilZN5GngD/stt3RhkXb2sRpG6NqNe3/original.jpg,Roboflow,masters-thesis-yolo-model,4272x2848,06/02/2025 19:55,Ewaldo Nieuwenhuis,1e3622e8cc463bf8ee9ed083ec4e9899b7f4e5b3672e5b55898b5be98ef8effd,ffffffbf02000000
142,https://source.roboflow.com/XZtYbRZ7qB4ilZN5GngD/LR0p5cqXiAU83fXCcIlg/original.jpg,Roboflow,masters-thesis-yolo-model,1200x630,06/02/2025 19:55,Ewaldo Nieuwenhuis,4062339d7429521a52a80bbe6f4a7a44ecffa96e555bd26bf7b4b8bf34a554bd,ffffffc900004000
143,https://source.roboflow.com/XZtYbRZ7qB4ilZN5GngD/STrWrbMeTvLwzPw1XRBu/original.jpg,Roboflow,masters-thesis-yolo-model,576x384,06/02/2025 19:55,Ewaldo Nieuwenhuis,b69f15b772dc6c805a574a91217e475445614647d1b8c8ba67fca69e28be87ed,9e7a181fc383e1e1
144,https://source.roboflow.com/XZtYbRZ7qB4ilZN5GngD/iCYmYHjUQWPmMPmrKsrk/original.jpg,Roboflow,masters-thesis-yolo-model,1536x2048,06/02/2025 19:55,Ewaldo Nieuwenhuis,c2becd51fcf794fe5ab765898d3608ab3275b2ea0bcfb2d51782ea458416a7f0,ffffffffb81800f7
145,https://source.roboflow.com/XZtYbRZ7qB4ilZN5GngD/mWG7SIEFyCDp0s0lRB3p/original.jpg,Roboflow,masters-thesis-yolo-model,960x720,06/02/2025 19:55,Ewaldo Nieuwenhuis,37cb149868735088f6abe2077d286628c8fe49a63565aac58e27f508a2cfa9c7,ffff7f3e10100000
146,https://source.roboflow.com/XZtYbRZ7qB4ilZN5GngD/X9raw7oq1CYdWEWT9k8h/original.jpg,Roboflow,masters-thesis-yolo-model,768x1024,06/02/2025 19:55,Ewaldo Nieuwenhuis,67f76e0c18f519421dccd66be70562ef6c51e07446e8b64cc51c451ea02ccc66,ffffffff08000009
147,https://source.roboflow.com/XZtYbRZ7qB4ilZN5GngD/ct7JLTf5nzOC6t2C7dpn/original.jpg,Roboflow,masters-thesis-yolo-model,768x1024,06/02/2025 19:55,Ewaldo Nieuwenhuis,a99263ac402efebfe21dd636ded7211aa101c2ff1702c86973651b697f233f6d,ff7fff2f00000000
148,https://source.roboflow.com/XZtYbRZ7qB4ilZN5GngD/9trLkvoYXuf2K4uQNyEZ/original.jpg,Roboflow,masters-thesis-yolo-model,768x1024,06/02/2025 19:55,Ewaldo Nieuwenhuis,7a4d70fe69eb844544c63272865821118117ce7ea4ecad73154ff085a2e5a9c1,fffffd7900000000
149,https://source.roboflow.com/XZtYbRZ7qB4ilZN5GngD/epaGfbKzV4z5D0twgw7W/original.jpg,Roboflow,masters-thesis-yolo-model,768x1024,06/02/2025 19:55,Ewaldo Nieuwenhuis,f1bcad3bfed4f5c56342e9f2edb6aad1cab93f8c17fc509b86c544c0dd2d4ee0,fffffffc18000000
151,https://source.roboflow.com/XZtYbRZ7qB4ilZN5GngD/arxrzbUB5m6AnVY37Qin/original.jpg,Roboflow,masters-thesis-yolo-model,768x1024,06/02/2025 19:55,Ewaldo Nieuwenhuis,63e469b88b525c1faa6742a8851371471e7e5ba3db2462dea6e5ad0bb9c5ff78,ffc7ffffdafb0000
152,https://source.roboflow.com/XZtYbRZ7qB4ilZN5GngD/a0e5wQFxJrSbga19iXE3/original.jpg,Roboflow,masters-thesis-yolo-model,768x1024,06/02/2025 19:55,Ewaldo Nieuwenhuis,d8e1c2b19b378f45b30ecef8dde5c04a82f7e9fd7652d921a33b3a25a87a0fcb,fffff97800007000
154,https://source.roboflow.com/XZtYbRZ7qB4ilZN5GngD/FHRecH5Uj5wa0a0DNkHt/original.jpg,Roboflow,masters-thesis-yolo-model,768x1024,06/02/2025 19:55,Ewaldo Nieuwenhuis,e18be9bf8e883f1cb674210b7a46d62173fc3d183bf2280be806c17d8fd3547c,fffffffd20000000
155,https://source.roboflow.com/XZtYbRZ7qB4ilZN5GngD/SsBidji55m6vP0nw7wHw/original.jpg,Roboflow,masters-thesis-yolo-model,1536x2048,06/02/2025 19:55,Ewaldo Nieuwenhuis,5007d1fe68d9ae5ef89c45dedaa26f157ea4851aebbe4a7869fd91524be1548a,ffffffffbf000040
156,https://source.roboflow.com/XZtYbRZ7qB4ilZN5GngD/KNjydWZd3RAVFy8yOsKu/original.jpg,Roboflow,masters-thesis-yolo-model,924x1024,06/02/2025 19:55,Ewaldo Nieuwenhuis,cd651728819bf8ee36171aba54aa1fe78dc8d4b01d940a2223bdce7801760f5f,ffff0f0000000000
157,https://source.roboflow.com/XZtYbRZ7qB4ilZN5GngD/NUD9pBkrupxKOYl81qGl/original.jpg,Roboflow,masters-thesis-yolo-model,768x1024,06/02/2025 19:55,Ewaldo Nieuwenhuis,81358d956be312875f90774cca765b3af8a3afd6fbc81e464cdb9b9422d09f2d,fffafefe18000003
158,https://source.roboflow.com/XZtYbRZ7qB4ilZN5GngD/VAantyoe2QfWR2AWky7f/original.jpg,Roboflow,masters-thesis-yolo-model,768x1024,06/02/2025 19:55,Ewaldo Nieuwenhuis,cebc6c68aefb0a5d52b10faf26f3581137726d266cafdb9d37d26deee89aa03a,fffff7e360008071
159,https://source.roboflow.com/XZtYbRZ7qB4ilZN5GngD/BNPOGmsckioFrVcsENQJ/original.jpg,Roboflow,masters-thesis-yolo-model,768x1024,06/02/2025 19:55,Ewaldo Nieuwenhuis,3bc861631594cbc14ffa3260b01654e9f10c8ff0a968e40c3b1b95176c880dc3,fffffbf31000c038
160,https://source.roboflow.com/XZtYbRZ7qB4ilZN5GngD/5ynEmV3lpcR3itUK2gLN/original.jpg,Roboflow,masters-thesis-yolo-model,768x1024,06/02/2025 19:55,Ewaldo Nieuwenhuis,c3f521e9c5b118fa984ea864092e70c90de6e89341a2ad21c5aba2651598c6a1,fffffff331000000
161,https://source.roboflow.com/XZtYbRZ7qB4ilZN5GngD/0L3c0NkVxzwa3sTyf2Js/original.jpg,Roboflow,masters-thesis-yolo-model,768x1024,06/02/2025 19:55,Ewaldo Nieuwenhuis,9a91bf0134d654df4d7a921ae5b6843df203e8f9bd9fbc1e04cb503aa2a7aa35,fffffff320000000
163,https://source.roboflow.com/XZtYbRZ7qB4ilZN5GngD/dDxm9PFLCaMUe0vPWXkR/original.jpg,Roboflow,masters-thesis-yolo-model,768x1024,06/02/2025 19:55,Ewaldo Nieuwenhuis,d7faf02cf5fc9f0bfe26c878bd7ed03540fe7e51d34123c874892d58712dcaa0,ffc78303030000c0
164,https://source.roboflow.com/XZtYbRZ7qB4ilZN5GngD/JGfNOmIqHnSYJjmPrqo4/original.jpg,Roboflow,masters-thesis-yolo-model,768x1024,06/02/2025 19:55,Ewaldo Nieuwenhuis,fea796d1f677d11624ab9bc5033b23ec96a379142392628857f0bd1f05b66fb7,ffffffc303000000
165,https://source.roboflow.com/XZtYbRZ7qB4ilZN5GngD/hhlcUXb0Lp3LM3LcpDm9/original.jpg,Roboflow,masters-thesis-yolo-model,1409x623,06/02/2025 19:55,Ewaldo Nieuwenhuis,20f36f98f694e3c3cd00b11a3a210e79d2f748aa94e356b45111847205d53792,fffff7e300000000
166,https://source.roboflow.com/XZtYbRZ7qB4ilZN5GngD/uwXTCJRWWzwK0mrSp7z1/original.jpg,Roboflow,masters-thesis-yolo-model,1536x2048,06/02/2025 19:55,Ewaldo Nieuwenhuis,f6ec21fb68237faeb57de928e150116f4136c81ce622c69d10686aa92ef3ba31,fffffffc00000000
169,https://source.roboflow.com/XZtYbRZ7qB4ilZN5GngD/TkvWnjuVccZFy4mKLlvx/original.jpg,Roboflow,masters-thesis-yolo-model,1600x787,06/02/2025 19:55,Ewaldo Nieuwenhuis,a34d4b4d773d116fcfff5e18ebe027ec7ef4f42e5075f056316baba998ffb155,ffffff7f1c000000
170,https://source.roboflow.com/XZtYbRZ7qB4ilZN5GngD/jBoyJITMWP8koOLqAp7E/original.jpg,Roboflow,masters-thesis-yolo-model,960x721,06/02/2025 19:55,Ewaldo Nieuwenhuis,99c3de4957003b3e6964edbd3cf2b8164ead122d3fe60268cfe5678338c6dfe7,ffff3f0000000000
172,https://source.roboflow.com/XZtYbRZ7qB4ilZN5GngD/408gDAy4QSWQzD4EyrN4/original.jpg,Roboflow,masters-thesis-yolo-model,720x960,06/02/2025 19:55,Ewaldo Nieuwenhuis,797eab55a4a7f8a7ac8e38939159ea3fd56caec9d5aff2b78af7367647b11b24,c0f8efcf0103ffff
173,https://source.roboflow.com/XZtYbRZ7qB4ilZN5GngD/Z7O3bu709OZFOs0OKy12/original.jpg,Roboflow,masters-thesis-yolo-model,960x721,06/02/2025 19:55,Ewaldo Nieuwenhuis,d330db695a10be88e3f1f4f25e365603ef720f36ae68f7539066885fd1bd7d1d,fffffff914000002
174,https://source.roboflow.com/XZtYbRZ7qB4ilZN5GngD/J7nRML2gRn3YYzx9o8p5/original.jpg,Roboflow,masters-thesis-yolo-model,1536x2048,06/02/2025 19:55,Ewaldo Nieuwenhuis,966211088f2cb4bc1fc4d30172896459442a9eba27b323af9cf3b5be90cfa5b7,feffffffbc1800c1
176,https://source.roboflow.com/XZtYbRZ7qB4ilZN5GngD/MEWNQoq1lPPbi0t64vV1/original.jpg,Roboflow,masters-thesis-yolo-model,852x640,06/02/2025 19:55,Ewaldo Nieuwenhuis,aac9c0382fdeae429b21f4151f1b20f31053739ecfda6dff188939e1a4b73b10,fffffff9e0000000
177,https://source.roboflow.com/XZtYbRZ7qB4ilZN5GngD/xn4NfdfJ0mbrBtrHp43O/original.jpg,Roboflow,masters-thesis-yolo-model,1536x2048,06/02/2025 19:55,Ewaldo Nieuwenhuis,5fe53f3a1fa09fc2a4efe2c1ade90a5db4476943d0eb3041b85f459413bbc8b9,fffffff800000000
178,https://source.roboflow.com/XZtYbRZ7qB4ilZN5GngD/tWO5Kc1k9oUXiIC80aj7/original.jpg,Roboflow,masters-thesis-yolo-model,720x960,06/02/2025 19:55,Ewaldo Nieuwenhuis,b42ad9fe1973dd54eb7d3f46900aea1203b096204eaf1277e251f36642474fa8,feffe7e00000c3ff
179,https://source.roboflow.com/XZtYbRZ7qB4ilZN5GngD/VR6RPvAK1EtPBN2fKbph/original.jpg,Roboflow,masters-thesis-yolo-model,1405x632,06/02/2025 19:55,Ewaldo Nieuwenhuis,63b4b1f87d9174b408c0cf432603be612e2fdf20bbe67e815af72e41752a7a8a,ffffffe700000000
183,https://source.roboflow.com/XZtYbRZ7qB4ilZN5GngD/Oc5D4njsCToFZLrBVvZH/original.jpg,Roboflow,masters-thesis-yolo-model,1105x477,06/02/2025 19:55,Ewaldo Nieuwenhuis,f28a8306672aeee4d9b5e7d5daa61cde2fea68de650a4fd919ade590d81994b9,fefcfcfc18008000
187,https://source.roboflow.com/XZtYbRZ7qB4ilZN5GngD/ExqDEDJB2E8rx5mVz6jg/original.jpg,Roboflow,masters-thesis-yolo-model,1215x615,06/02/2025 19:55,Ewaldo Nieuwenhuis,aac82581f0fa179107a45bb5969c58ffd5653dd3133291b55bd76ee082b433ff,7ebe9f1a00003b3c
188,https://source.roboflow.com/XZtYbRZ7qB4ilZN5GngD/VR6RPvAK1EtPBN2fKbph/original.jpg,Roboflow,masters-thesis-yolo-model,1536x2048,06/02/2025 19:55,Ewaldo Nieuwenhuis,7f341b8c7c04a6e4e4dfcaf9998768b9a6b0dc9c7b8a5aa24b1399f6323ba4c2,ffffffe700000000
189,https://source.roboflow.com/XZtYbRZ7qB4ilZN5GngD/5USBeCw4a2flhSU7Q4hB/original.jpg,Roboflow,masters-thesis-yolo-model,1212x612,06/02/2025 19:55,Ewaldo Nieuwenhuis,eae4791d9310c78717591071b8a67f2f821d5fe43a58109cf2378c2460edd6bf,ffffefce60000000
190,https://source.roboflow.com/XZtYbRZ7qB4ilZN5GngD/wGY6ORUM4f3q8EPrtPUa/original.jpg,Roboflow,masters-thesis-yolo-model,1207x543,06/02/2025 19:55,Ewaldo Nieuwenhuis,a04e5bc646e2663f8fbd1243a4f257fd22d43d45aa7d95ff96dd5efbd4dd3a46,7fe7ffe3e0201000
191,https://source.roboflow.com/XZtYbRZ7qB4ilZN5GngD/wJn6LrhbnHGxkOaAL2cL/original.jpg,Roboflow,masters-thesis-yolo-model,1213x548,06/02/2025 19:55,Ewaldo Nieuwenhuis,03933e7f08e37f6222f56a7c68a0b321370388d8f6ab5e726acf4d02ace4452e,ff6fefc600000000
192,https://source.roboflow.com/XZtYbRZ7qB4ilZN5GngD/SGOgp2Nc64vTN9YV3tPd/original.jpg,Roboflow,masters-thesis-yolo-model,1212x546,06/02/2025 19:55,Ewaldo Nieuwenhuis,58292aa0e01da09d4663bf1a063a5fd8f4da6ca182a667da4359964b87baa7dd,f8f9fff7e7c38000
193,https://source.roboflow.com/XZtYbRZ7qB4ilZN5GngD/FdHgRvsCVo6Fn452k8QV/original.jpg,Roboflow,masters-thesis-yolo-model,1212x550,06/02/2025 19:55,Ewaldo Nieuwenhuis,9822f47cd328249d198e0217bf4a100211a5dd500978729ac523cbbfc8a2bf69,ffffe76700226000
194,https://source.roboflow.com/XZtYbRZ7qB4ilZN5GngD/vcAFqIu5cQCPqlmeiOv1/original.jpg,Roboflow,masters-thesis-yolo-model,1100x608,06/02/2025 19:55,Ewaldo Nieuwenhuis,2468774f88a127d967fdd0bba37a7a5dde8d77542c37ab9706be75ec3c009c30,fefefe760283c020
195,https://source.roboflow.com/XZtYbRZ7qB4ilZN5GngD/BUqnVF7MjuXm5RDc1xUT/original.jpg,Roboflow,masters-thesis-yolo-model,1920x827,06/02/2025 19:55,Ewaldo Nieuwenhuis,18fa26b664d9b86a5f22d7e597f3110ece1923b926f046f045a1c3c7a8a59ea2,fcfcfc7e30000000
197,https://source.roboflow.com/XZtYbRZ7qB4ilZN5GngD/aZ5kXTuxlRuTw44ds5Ut/original.jpg,Roboflow,masters-thesis-yolo-model,1536x2048,06/02/2025 19:55,Ewaldo Nieuwenhuis,fcbd439bdd3e2ef85c21b6a701c1893a4034159b55ab6c2af09c77d8aa0c6801,ffffffdc00000000
198,https://source.roboflow.com/XZtYbRZ7qB4ilZN5GngD/o4oSJzN8me1MM4Nu3TQ9/original.jpg,Roboflow,masters-thesis-yolo-model,1920x827,06/02/2025 19:55,Ewaldo Nieuwenhuis,ba5a44fe120bc57942e85e08277a9cfb153d28f29637e7f64de3f00d0f8e8840,fcffffff1e000000
199,https://source.roboflow.com/XZtYbRZ7qB4ilZN5GngD/bVf3PUAz2XbUD2Di500i/original.jpg,Roboflow,masters-thesis-yolo-model,1536x2048,06/02/2025 19:55,Ewaldo Nieuwenhuis,4252a8fb93d5560a922de8c4facb1b27731baa9af25d438b76425546e673f552,ffffffff3810c0ff
200,https://source.roboflow.com/XZtYbRZ7qB4ilZN5GngD/sK7ADAlycXJ70vi6NG8r/original.jpg,Roboflow,masters-thesis-yolo-model,1920x870,06/02/2025 19:55,Ewaldo Nieuwenhuis,d859f122fc3946a3a23fb36db15796547d90bf1c52a082f41f08d903fcd8cdbf,11ff7f7f3f3e0080
201,https://source.roboflow.com/XZtYbRZ7qB4ilZN5GngD/LlyDvXAKzxiKc6CQu8lX/original.jpg,Roboflow,masters-thesis-yolo-model,1536x2048,06/02/2025 19:55,Ewaldo Nieuwenhuis,7355e0ea309c1a7275d1f4c13f8d3666a0ec880914d1036433ff504da7998d14,ffffc00300000000
203,https://source.roboflow.com/XZtYbRZ7qB4ilZN5GngD/5lonoipy0FrbL2yWpM99/original.jpg,Roboflow,masters-thesis-yolo-model,1536x2048,06/02/2025 19:55,Ewaldo Nieuwenhuis,cfed5889e8dfe987ca600b39d5e2156e629f9d6378441bfe1acc5bbadd5a68fd,ffbfc00c00800040
205,https://source.roboflow.com/XZtYbRZ7qB4ilZN5GngD/6RUFhlZA2fUVwup89qNx/original.jpg,Roboflow,masters-thesis-yolo-model,4272x2848,06/02/2025 19:55,Ewaldo Nieuwenhuis,288f4cedec24b3f22e3fc9bb36cac1dac57a93fe9a0f8737ebe0418389986412,ffff9f9e04000000
206,https://source.roboflow.com/XZtYbRZ7qB4ilZN5GngD/H23wbEvpoVyAahprJ9d1/original.jpg,Roboflow,masters-thesis-yolo-model,4272x2848,06/02/2025 19:55,Ewaldo Nieuwenhuis,0f6f48fe383e974b4810ad8e28195403c81124a1a53b203df75c91eb8ea6e4ec,ffdfbf2e04000000
207,https://source.roboflow.com/XZtYbRZ7qB4ilZN5GngD/ld3IlumoNQtJrEmRLkZB/original.jpg,Roboflow,masters-thesis-yolo-model,1155x1198,06/02/2025 19:55,Ewaldo Nieuwenhuis,92d69f50bf983428f3391695805c635fb56360890126ab4984b801f0e91eb0fd,ffffffc3008180e1
209,https://www.sinanlitanker.com.tr/dimg/galeri/20130731160423390B.jpg,Sinali Trailers,Sinan Tanker Tailer,800x600,02/03/2025 11:30,Stanislav Levendeev,bd20a34221bd6d90ee36ca9c46a85a65f71b7db500639f9cb299cf07876304c3,
211,https://www.sinanlitanker.com.tr/dimg/galeri/20130731160749486B.jpg,Sinali Trailers,Sinan Tanker Tailer,800x600,02/03/2025 11:30,Stanislav Levendeev,a09557f369d310ac937ea1c8eccf7cbc7ff64d9e21c6ef8e890a7790806f2a5f,
212,https://www.sinanlitanker.com.tr/dimg/galeri/20130731160810683B.jpg,Sinali Trailers,Sinan Tanker Tailer,800x600,02/03/2025 11:30,Stanislav Levendeev,e8e1a17d00d24ad17578c21381ed2a095494f6397a553d820abd3dc9d272f021,
213,https://www.sinanlitanker.com.tr/dimg/galeri/20130731160826870B.jpg,Sinali Trailers,Sinan Tanker Tailer,800x600,02/03/2025 11:30,Stanislav Levendeev,fbe26634f857fe0594e44f2311812cacb9e7a9038631c1aec0baba7b29b05caf,
214,https://www.sinanlitanker.com.tr/dimg/galeri/20130731160944152B.jpg,Sinali Trailers,Sinan Tanker Tailer,800x600,02/03/2025 11:30,Stanislav Levendeev,f0b88dddef308ab05393c041fdaed34771e6d627de1772a8d3bbb291605dd4cf,
215,https://www.sinanlitanker.com.tr/dimg/galeri/20130731161032497B.jpg,Sinali Trailers,Sinan Tanker Tailer,800x600,02/03/2025 11:30,Stanislav Levendeev,9d88a81fe5c6f27bd8a5223bc71806bf06da1deff841e5dbccecfa37dbee3359,
218,https://www.sinanlitanker.com.tr/dimg/galeri/20130731161157711B.jpg,Sinali Trailers,Sinan Tanker Tailer,800x600,02/03/2025 11:30,Stanislav Levendeev,1a2f31581c97fb46c04e403560a16ee4e76b96986e6934c43e678b505ce3760d,
219,https://www.sinanlitanker.com.tr/dimg/galeri/20130731161213180B.jpg,Sinali Trailers,Sinan Tanker Tailer,800x600,02/03/2025 11:30,Stanislav Levendeev,1ee6fddd15170295d550bd3ddbaadd1b5a21c8095dd58256e2278be5f1f6cdb1,
227,https://www.sinanlitanker.com.tr/dimg/galeri/20130731161942386B.jpg,Sinali Trailers,Sinan Tanker Tailer,1065x600,02/03/2025 11:30,Stanislav Levendeev,1a54786b2c4af64e64182b18f70cea6cb0390def9fa9c4f18a19308045eecc7c,
228,https://www.sinanlitanker.com.tr/dimg/galeri/20130731162024557B.jpg,Sinali Trailers,Sinan Tanker Tailer,800x600,02/03/2025 11:30,Stanislav Levendeev,12ff1337f57ca25328531edbe71a63982cbf3e3d752c54ec9e67dae2fe39940a,
232,https://www.sinanlitanker.com.tr/dimg/galeri/20130731162146657B.jpg,Sinali Trailers,Sinan Tanker Tailer,800x600,02/03/2025 11:30,Stanislav Levendeev,9706fbc3e7fec615cb552ea1d8736e8e3540052f607753d0ad6bf234b5064097,
233,https://www.sinanlitanker.com.tr/dimg/galeri/20130731162230547B.jpg,Sinali Trailers,Sinan Tanker Tailer,800x600,02/03/2025 11:30,Stanislav Levendeev,1f105c3fc59cecaffc81bb8a2bb0d5af4512b332f9cd0f955d544923c7a179f5,
235,https://www.sinanlitanker.com.tr/dimg/galeri/20130731162300177B.jpg,Sinali Trailers,Sinan Tanker Tailer,800x600,02/03/2025 11:30,Stanislav Levendeev,9a78d132a2e8e7bd5272f081187e842ea20c4f5806f28379515385455742d48a,
236,https://www.sinanlitanker.com.tr/dimg/galeri/20130731162315123B.jpg,Sinali Trailers,Sinan Tanker Tailer,800x600,02/03/2025 11:30,Stanislav Levendeev,21a11ab80a2766df4a1f3826ecf4f9c6f3def674591d6e091f382670458bd814,
237,https://www.sinanlitanker.com.tr/dimg/galeri/20130731162329232B.jpg,Sinali Trailers,Sinan Tanker Tailer,800x600,02/03/2025 11:30,Stanislav Levendeev,fb2274301804727cf0fe7984b291d9aaf8101cef9f00317130933fc427a62477,
238,https://www.sinanlitanker.com.tr/dimg/galeri/20130731162343272B.jpg,Sinali Trailers,Sinan Tanker Tailer,800x600,02/03/2025 11:30,Stanislav Levendeev,bd32f5037a590a93863b690df8884f759e8e7c85b558be941684c4f75656b3bc,
240,https://www.sinanlitanker.com.tr/dimg/galeri/20130731162411396B.jpg,Sinali Trailers,Sinan Tanker Tailer,800x600,02/03/2025 11:30,Stanislav Levendeev,d80215ca2c43f6f48eb0817dee84c527534577650463d1177304a7c6b8ce8697,
243,https://www.sinanlitanker.com.tr/dimg/galeri/20130731162502767B.jpg,Sinali Trailers,Sinan Tanker Tailer,800x600,02/03/2025 11:30,Stanislav Levendeev,8a58d4f876dce22a96de58648a38b376b0877a3d6a1c73632b7dba2dca65fcd5,
244,https://www.sinanlitanker.com.tr/dimg/galeri/20130731162559863B.jpg,Sinali Trailers,Sinan Tanker Tailer,800x600,02/03/2025 11:30,Stanislav Levendeev,1962a0854b7e8d8cbbda22f9116ca28e6915a46cc43d3c64764de964caf2c213,
256,https://www.sinanlitanker.com.tr/dimg/galeri/20130731163054388B.jpg,Sinali Trailers,Sinan Tanker Tailer,800x600,02/03/2025 11:30,Stanislav Levendeev,9e15960e2b246035f30b957c8c09ba01814f84b4a713917bf7f36b3b53b88b4f,
257,https://www.sinanlitanker.com.tr/dimg/galeri/20130731163222568B.jpg,Sinali Trailers,Sinan Tanker Tailer,800x600,02/03/2025 11:30,Stanislav Levendeev,7a64e3ec8a1e9aba94b133e9deebb558620748d49a06efe8deb3346cb4731863,
260,https://www.sinanlitanker.com.tr/dimg/galeri/20130731163304568B.jpg,Sinali Trailers,Sinan Tanker Tailer,800x600,02/03/2025 11:30,Stanislav Levendeev,9a6d280147fdac4e6cea465b61b5182697c0264d0395d27c0d05f66d1fbdb86a,
263,https://www.sinanlitanker.com.tr/dimg/galeri/20130731163357783B.jpg,Sinali Trailers,Sinan Tanker Tailer,800x600,02/03/2025 11:30,Stanislav Levendeev,23e975a0205e1b766a7908d7dd9f56e564f7f0452d83d705a50e04023ad8386a,
265,https://www.sinanlitanker.com.tr/dimg/galeri/20130731163421170B.jpg,Sinali Trailers,Sinan Tanker Tailer,800x600,02/03/2025 11:30,Stanislav Levendeev,fba0e629315c5e0ca4365236eb2048b93f4d46529273c826197cb143f57bbe2b,
266,https://www.sinanlitanker.com.tr/dimg/galeri/20130731163435875B.jpg,Sinali Trailers,Sinan Tanker Tailer,800x600,02/03/2025 11:30,Stanislav Levendeev,799810aa9cb1b48f6d7a8d2dc7ef05e3088e17288aa44c2f64ff3b3d29c803ee,
269,https://www.sinanlitanker.com.tr/dimg/galeri/20130731163548514B.jpg,Sinali Trailers,Sinan Tanker Tailer,800x600,02/03/2025 11:30,Stanislav Levendeev,3f9f55356503c019e856a82b5b70f7cc78cccb6bd7c7323a147241cd4c787040,
275,https://www.sinanlitanker.com.tr/dimg/galeri/2013073115420487B.jpg,Sinali Trailers,Sinan Tanker Tailer,800x600,02/03/2025 11:30,Stanislav Levendeev,5da1596ea7266a9aa9d5707d9deffa92f266286eed8071399c721c0c73e2704c,
277,https://www.sinanlitanker.com.tr/dimg/galeri/2013073115511157B.jpg,Sinali Trailers,Sinan Tanker Tailer,800x600,02/03/2025 11:30,Stanislav Levendeev,cc9a13e02fcddd7496a042510e9c7bd33d35e9e3c2042590d5984acbb604ce63,
278,https://www.sinanlitanker.com.tr/dimg/galeri/2013073115524022B.jpg,Sinali Trailers,Sinan Tanker Tailer,800x600,02/03/2025 11:30,Stanislav Levendeev,de4548258fd521b2000b790458f938c8523840cf0c9697e26d655c928546c49a,
282,,,Stanislav Levendeev,3000x4000,21/02/2025 11:30,Stanislav Levendeev,276a2e173a3fdcc952d6abd45988f1bc8843553ac23a1e2ce0345b5dccc00904,ffffff3f00010000
283,,,Stanislav Levendeev,3000x4000,21/02/2025 11:30,Stanislav Levendeev,33f68e43fea23259d714c0dd19972598a20fb8522cf73be9d1a4987d13029989,0f1f7fff03430600
284,,,Stanislav Levendeev,3000x4000,21/02/2025 11:30,Stanislav Levendeev,File not found,File not found
