image_id,link,website,author,resolution,date_accessed,added_by,image_name,box_label,box_xtl,box_ytl,box_xbr,box_ybr,issue,code
2,https://stock.adobe.com/nl/images/rear-view-of-a-tank-truck-transporting-highly-flammable-dangerous-goods/374965649?prev_url=detail,Adobe Stock,M. Perfectti,1000x667,06/02/2025 18:06,Ewaldo Nieuwenhuis,2.png,hazmat_sign,158.67,186.83,368.87,337.69,,33/1993
3,https://stock.adobe.com/images/diesel-truck-maz-in-work-closeup-fuel-tank-truck-with-adr-sign-30-1202-on-suburban-asphalted-road-inflammable-liquid-goods-transportation/539794111,Adobe Stock,Ilya,1000x750,06/02/2025 18:06,Ewaldo Nieuwenhuis,3.png,hazmat_sign,194.92,415.31,295.34,495.37,,30/1202
6,https://stock.adobe.com/nl/images/truck-driving-on-a-highway-with-a-tank-container-with-labels-and-danger-panels-for-toxic-liquids-according-to-the-international-treaty-on-dangerous-goods-a-d-r/811298038,Adobe Stock,M. Perfectti,1000x668,06/02/2025 18:07,Ewaldo Nieuwenhuis,6.png,hazmat_sign,654.31,343.83,692.36,374.19,,60/2078
7,https://stock.adobe.com/nl/images/tanker-truck-with-trailer-driving-on-the-highway-with-orange-plates-for-dangerous-liquids-and-corrosive-panels-according-to-adr/1049210244?prev_url=detail,Adobe Stock,M. Perfectti,1000x668,06/02/2025 18:07,Ewaldo Nieuwenhuis,7.png,hazmat_sign,755.23,429.78,790.2,456.98,,80/1805
9,https://stock.adobe.com/nl/images/tanker-truck-transporting-refrigerated-liquid-oxygen-with-adr-label-for-oxidizing-product-and-not-flammable-or-toxic/672433163?prev_url=detail,Adobe Stock,M. Perfectti,1000x668,06/02/2025 18:07,Ewaldo Nieuwenhuis,9.png,hazmat_sign,677.82,441.17,719.21,478.47,,225/1073
10,https://stock.adobe.com/nl/images/seville-5-9-2024-tanker-truck-with-the-emblem-of-the-energy-company-repsol-painted-on-the-tanker-with-a-dramatic-sky-at-sunset/817698998?prev_url=detail,Adobe Stock,M. Perfectti,1000x668,06/02/2025 18:07,Ewaldo Nieuwenhuis,10.png,hazmat_sign,825.87,413.29,855.01,437.19,low quality,90/3082
11,https://stock.adobe.com/nl/images/vigo-pontevedra-6-18-2024-fuel-tanker-truck-with-repsol-image-driving-on-a-highway/938912214,Adobe Stock,M. Perfectti,1000x668,06/02/2025 18:07,Ewaldo Nieuwenhuis,11.png,hazmat_sign,360.13,479.16,388.69,507.14,low quality,33/1203
12,https://stock.adobe.com/nl/images/ciudad-real-9-26-2024-tanker-truck-with-the-image-of-repsol-traveling-quickly-on-the-highway-with-an-effect-created-to-give-the-sensation-of-speed-in-the-vehicle/1001709626,Adobe Stock,M. Perfectti,1000x659,06/02/2025 18:08,Ewaldo Nieuwenhuis,12.png,hazmat_sign,357.88,389.93,390.7,416.51,,33/1203
13,https://stock.adobe.com/nl/images/orange-colored-plate-with-hazard-identification-number-30-and-un-number-3271-ethers-n-o-s/232859401?prev_url=detail,Adobe Stock,Björn Wylezich,1000x667,06/02/2025 18:08,Ewaldo Nieuwenhuis,13.png,hazmat_sign,268.34,8.47,855.02,651.55,,30/3271
14,https://stock.adobe.com/nl/images/orange-colored-plate-with-hazard-identification-number-80-and-un-number-1830-sulphuric-acid-with-more-than-51-acid/116480929,Adobe Stock,Björn Wylezich,1000x667,06/02/2025 18:08,Ewaldo Nieuwenhuis,14.png,hazmat_sign,149.88,36.24,615.03,461.59,rotated,80/1830
15,https://stock.adobe.com/nl/images/orange-colored-plate-with-hazard-identification-number-30-and-un-number-3271-ethers-n-o-s/232859414,Adobe Stock,Björn Wylezich,1000x667,06/02/2025 18:08,Ewaldo Nieuwenhuis,15.png,hazmat_sign,115.3,45.39,773.23,639.76,rotated,30/3271
16,https://stock.adobe.com/nl/images/gefahrentafel-mit-gefahrnummer-23-un-nummer-1965-kohlenwasserstoff-gas-gemisch-verflussigt-n-a-g/42286975?prev_url=detail,Adobe Stock,Björn Wylezich,1000x667,06/02/2025 18:08,Ewaldo Nieuwenhuis,16.png,hazmat_sign,314.36,189.27,776.72,569.91,,23/1965
17,https://stock.adobe.com/nl/images/gefahrguttransport-dieselkraftstoff-oder-gas-l-oder-heiz-l-leicht/42287010,Adobe Stock,Björn Wylezich,1000x667,06/02/2025 18:08,Ewaldo Nieuwenhuis,17.png,hazmat_sign,23.28,115.31,280.58,485.75,,30/1202
18,https://stock.adobe.com/nl/images/gefahrguttransport-dieselkraftstoff-oder-gas-l-oder-heiz-l-leicht/54020943,Adobe Stock,Björn Wylezich,1000x667,06/02/2025 18:08,Ewaldo Nieuwenhuis,18.png,hazmat_sign,52.7,314.95,418.12,624.21,,30/1202
19,https://stock.adobe.com/nl/images/gefahrentafel-mit-gefahrnummer-30-un-nummer-1866-harzlosung-entzundbar/64517662?prev_url=detail,Adobe Stock,Björn Wylezich,1000x666,06/02/2025 18:09,Ewaldo Nieuwenhuis,19.png,hazmat_sign,243.71,135.83,639.76,557.74,,30/1866
20,https://stock.adobe.com/nl/images/gefahrentafel-mit-gefahrnummer-30-un-nummer-1866-harzlosung-entzundbar/64517572?prev_url=detail,Adobe Stock,Björn Wylezich,1000x667,06/02/2025 18:09,Ewaldo Nieuwenhuis,20.png,hazmat_sign,38.99,268.29,542.86,581.08,,30/1866
21,https://stock.adobe.com/nl/images/gefahrentafel-mit-gefahrnummer-33-un-nummer-3295-kohlenwasserstoffe-flussig-n-a-g/49373643?prev_url=detail,Adobe Stock,Björn Wylezich,1000x667,06/02/2025 18:09,Ewaldo Nieuwenhuis,21.png,hazmat_sign,194.93,18.67,836.09,640.55,,33/3295
22,https://stock.adobe.com/nl/images/gefahrentafel-mit-gefahrnummer-23-un-nummer-1965-kohlenwasserstoff-gas-gemisch-verflussigt-n-a-g/61959278?prev_url=detail,Adobe Stock,Björn Wylezich,1000x667,06/02/2025 18:09,Ewaldo Nieuwenhuis,22.png,hazmat_sign,176.49,72.31,822.68,614.57,,23/1965
23,https://stock.adobe.com/nl/images/gefahrgutschilder-an-einem-container-auf-einem-lkw-trailer/218171143?prev_url=detail,Adobe Stock,Ronald Rampsch,1000x667,06/02/2025 18:09,Ewaldo Nieuwenhuis,23.png,hazmat_sign,353.33,309.5,520.95,431.02,,59/2426
24,https://stock.adobe.com/nl/images/ein-gefahrgutschild-an-einem-lkw/495983911,Adobe Stock,Ronald Rampsch,1000x665,06/02/2025 18:09,Ewaldo Nieuwenhuis,24.png,hazmat_sign,581.85,242.51,794.09,436.37,,223/1972
25,https://stock.adobe.com/nl/images/gefahrguttafel-an-einem-lkw-hier-kohlenwasserstoffgas/530018963,Adobe Stock,Ronald Rampsch,1000x667,06/02/2025 18:09,Ewaldo Nieuwenhuis,25.png,hazmat_sign,355.85,228.2,674.33,470.42,,23/1965
26,https://stock.adobe.com/nl/images/gefahrgutlabel-an-einem-tankwagen/400087563,Adobe Stock,Ronald Rampsch,1000x667,06/02/2025 18:09,Ewaldo Nieuwenhuis,26.png,hazmat_sign,244.38,313.69,529.3,566.0,,30/1202
27,https://stock.adobe.com/nl/images/deutschland-14-06-2021-a-13-berlin-ein-tanklaster-von-shell-auf-einer-deutschen-autobahn/439502219?prev_url=detail,Adobe Stock,Ronald Rampsch,1000x667,06/02/2025 18:10,Ewaldo Nieuwenhuis,27.png,hazmat_sign,121.17,442.76,157.21,476.28,,33/1203
28,https://stock.adobe.com/nl/images/deutschland-boblitz-13-02-2020-ein-tankwagen-von-total/322957164?prev_url=detail,Adobe Stock,Ronald Rampsch,1000x562,06/02/2025 18:10,Ewaldo Nieuwenhuis,28.png,hazmat_sign,74.51,335.84,102.89,365.64,,33/1203
29,https://stock.adobe.com/nl/images/orangefarbige-warntafel-gefahrentafel-am-heck-eines-tank-lkws-oben-gefahrnummer-unten-die-un-nummer/218059518?prev_url=detail,Adobe Stock,Ronald Rampsch,1000x667,06/02/2025 18:10,Ewaldo Nieuwenhuis,29.png,hazmat_sign,380.84,238.3,746.52,530.37,,99/3257
30,https://stock.adobe.com/nl/images/eine-vorgeschriebene-orangefarbene-warntafel-gefahrentafel-fur-alle-fahrzeuge-die-gefahrgut-transportieren/438879201?prev_url=detail,Adobe Stock,Ronald Rampsch,1000x667,06/02/2025 18:10,Ewaldo Nieuwenhuis,30.png,hazmat_sign,297.56,214.17,645.14,579.85,,80/3264
31,https://stock.adobe.com/nl/images/gefahrgutkennzeichnung-f-r-kohle-oder-russ-tierischen-oder-pflanzlichen-ursprungs-un-1361-gefahrnummer-40/440909478,Adobe Stock,Ronald Rampsch,1000x665,06/02/2025 18:10,Ewaldo Nieuwenhuis,31.png,hazmat_sign,123.61,131.79,532.72,521.65,,40/1361
33,https://stock.adobe.com/nl/images/gefahrentafel-oben-der-gefahrenhinweis-unten-die-un-nummer-des-gefahrgutes/459088506?prev_url=detail,Adobe Stock,Ronald Rampsch,1000x665,06/02/2025 18:10,Ewaldo Nieuwenhuis,33.png,hazmat_sign,332.22,182.31,720.27,600.45,,33/1203
34,https://stock.adobe.com/nl/images/gefahrgutaufkleber-mit-gefahrgutklasse-und-un-nummer-fur-aceton-auf-einem-container/310063627?prev_url=detail,Adobe Stock,Ronald Rampsch,1000x667,06/02/2025 18:11,Ewaldo Nieuwenhuis,34.png,hazmat_sign,380.03,244.16,675.72,456.37,,33/1090
35,https://stock.adobe.com/nl/images/gefahrguttafel-mit-der-22-fur-tiefgekuhltes-gas-und-1977-fur-stickstoff-tiefgekuhlt-flussig/459091803?prev_url=detail,Adobe Stock,Ronald Rampsch,1000x665,06/02/2025 18:11,Ewaldo Nieuwenhuis,35.png,hazmat_sign,382.35,169.27,746.34,536.27,,22/1977
36,https://stock.adobe.com/nl/images/gefahrentafen-23-1965-an-einem-lkw-symbolbild/598602845?prev_url=detail,Adobe Stock,etfoto,1000x667,06/02/2025 18:11,Ewaldo Nieuwenhuis,36.png,hazmat_sign,54.17,243.15,434.34,516.71,,23/1965
37,https://stock.adobe.com/nl/images/camion-cisterna-de-mercancias-peligrosas/309114717?prev_url=detail,Adobe Stock,M. Perfectti,1000x667,06/02/2025 18:11,Ewaldo Nieuwenhuis,37.png,hazmat_sign,862.79,494.59,989.51,584.1,,90/3082
38,https://stock.adobe.com/nl/images/camion-cisterna-de-mercancias-peligrosas/297048473,Adobe Stock,M. Perfectti,1000x667,06/02/2025 18:11,Ewaldo Nieuwenhuis,38.png,hazmat_sign,329.75,233.09,399.14,426.2,,33/1208
39,https://stock.adobe.com/nl/images/camion-cisterna-de-mercancias-peligrosas/270480985,Adobe Stock,M. Perfectti,1000x667,06/02/2025 18:11,Ewaldo Nieuwenhuis,39.png,hazmat_sign,688.79,8.81,956.32,667.0,,33/1203
40,https://stock.adobe.com/nl/images/camion-cisterna-combustible/251192772,Adobe Stock,M. Perfectti,1000x667,06/02/2025 18:11,Ewaldo Nieuwenhuis,40.png,hazmat_sign,753.16,388.98,860.78,465.42,,90/3082
41,https://stock.adobe.com/nl/images/camion-cisterna-combustible/251193349,Adobe Stock,M. Perfectti,1000x667,06/02/2025 18:12,Ewaldo Nieuwenhuis,41.png,hazmat_sign,850.72,415.13,923.13,477.49,,90/3082
42,https://stock.adobe.com/nl/images/camion-cisterna-combustible/251194397?prev_url=detail,Adobe Stock,M. Perfectti,1000x667,06/02/2025 18:12,Ewaldo Nieuwenhuis,42.png,hazmat_sign,806.47,419.16,908.04,490.56,,90/3082
43,https://stock.adobe.com/nl/images/camion-cisterna-combustible/251193594?prev_url=detail,Adobe Stock,M. Perfectti,1000x667,06/02/2025 18:12,Ewaldo Nieuwenhuis,43.png,hazmat_sign,61.21,417.14,152.74,480.51,,90/3082
44,https://stock.adobe.com/nl/images/camion-cisterna-combustible/251190679,Adobe Stock,M. Perfectti,1000x667,06/02/2025 18:12,Ewaldo Nieuwenhuis,44.png,hazmat_sign,713.94,418.15,818.53,499.61,,90/3082
45,https://stock.adobe.com/nl/images/camion-cisterna-de-mercancias-peligrosas/286089873,Adobe Stock,M. Perfectti,1000x667,06/02/2025 18:12,Ewaldo Nieuwenhuis,45.png,hazmat_sign,774.44,522.06,800.38,546.31,,90/3082
46,https://stock.adobe.com/nl/images/camion-cisterna-combustible/251195086?prev_url=detail,Adobe Stock,M. Perfectti,1000x667,06/02/2025 18:12,Ewaldo Nieuwenhuis,46.png,hazmat_sign,778.17,413.17,869.53,477.71,,90/3082
47,https://stock.adobe.com/nl/images/camion-cisterna-combustible/251190759?prev_url=detail,Adobe Stock,M. Perfectti,1000x667,06/02/2025 18:12,Ewaldo Nieuwenhuis,47.png,hazmat_sign,265.41,383.75,343.36,580.71,,90/3082
48,https://stock.adobe.com/nl/images/camion-cisterna-de-mercancias-peligrosas/286082595?prev_url=detail,Adobe Stock,M. Perfectti,1000x667,06/02/2025 18:12,Ewaldo Nieuwenhuis,48.png,hazmat_sign,111.0,337.62,158.29,374.81,,90/3082
49,https://stock.adobe.com/nl/images/camion-cisterna-de-mercancias-peligrosas-al-amanecer-o-atardecer/286068225?prev_url=detail,Adobe Stock,M. Perfectti,1000x667,06/02/2025 18:13,Ewaldo Nieuwenhuis,49.png,hazmat_sign,93.7,346.34,148.7,397.6,bad illuminatio,90/3082
51,https://stock.adobe.com/nl/images/camion-cisterna-combustible/251194709?prev_url=detail,Adobe Stock,M. Perfectti,1000x667,06/02/2025 18:13,Ewaldo Nieuwenhuis,51.png,hazmat_sign,41.4,0.0,298.87,667.0,,90/3082
53,https://stock.adobe.com/nl/images/zadar-croatia-july-29-2021-truck-with-tanker-on-the-highway-in-zadar-croatia/458079140?prev_url=detail,Adobe Stock,Denis Rozhnovsky,1000x676,06/02/2025 18:13,Ewaldo Nieuwenhuis,53.png,hazmat_sign,626.7,366.4,672.4,401.1,,23/1965
54,https://stock.adobe.com/nl/images/tanker-truck-runs-fast-carrying-fossil-fuel-on-the-road/539562172?prev_url=detail,Adobe Stock,ChiccoDodiFC,1000x667,06/02/2025 18:13,Ewaldo Nieuwenhuis,54.png,hazmat_sign,501.02,407.59,567.4,458.88,,30/1202
55,https://stock.adobe.com/nl/images/fuel-tanker-speeding-along-highway-noise-barriers-with-hazardous-material-r-sign/1073015209,Adobe Stock,ChiccoDodiFC,1000x646,06/02/2025 18:13,Ewaldo Nieuwenhuis,55.png,hazmat_sign,657.85,349.46,736.75,405.95,,90/3082
56,https://stock.adobe.com/nl/images/fuel-tanker-speeding-toward-refueling-stations-and-highway-noise-barriers/1073015003,Adobe Stock,ChiccoDodiFC,1000x635,06/02/2025 18:14,Ewaldo Nieuwenhuis,56.png,hazmat_sign,565.14,365.03,617.81,404.29,,90/3082
57,https://stock.adobe.com/nl/images/fuel-tanker-transporting-fuel-from-refinery-to-highway-gas-station/1073015762,Adobe Stock,ChiccoDodiFC,1000x655,06/02/2025 18:14,Ewaldo Nieuwenhuis,57.png,hazmat_sign,683.71,450.63,748.9,501.0,,33/1203
58,https://stock.adobe.com/nl/images/tanker-truck-in-the-busy-street-for-transporting-flammable-material/528173222?prev_url=detail,Adobe Stock,ChiccoDodiFC,1000x647,06/02/2025 18:14,Ewaldo Nieuwenhuis,58.png,hazmat_sign,449.3,393.39,520.3,449.2,,30/1202
59,https://stock.adobe.com/nl/images/feira-de-santana-bahia-brazil-september-13-2022-fuel-tank-truck-traveling-along-the-br-324-highway-in-feira-de-santana/531156311?prev_url=detail,Adobe Stock,Joa Souza,1000x667,06/02/2025 18:14,Ewaldo Nieuwenhuis,59.png,hazmat_sign,537.79,324.41,590.2,365.6,,33/1203
60,https://stock.adobe.com/nl/images/serra-preta-bahia-brazil-september-13-2022-truck-traveling-along-the-ba-052-highway-in-the-city-of-serra-preta/531156330?prev_url=detail,Adobe Stock,Joa Souza,1000x667,06/02/2025 18:14,Ewaldo Nieuwenhuis,60.png,hazmat_sign,311.59,244.07,373.86,290.05,,23/1075
61,https://stock.adobe.com/nl/images/orlen-koltrans/1175600910?prev_url=detail,Adobe Stock,Tomasz Warszewski,1000x668,06/02/2025 18:14,Ewaldo Nieuwenhuis,61.png,hazmat_sign,625.52,404.01,670.01,437.59,,33/1253
62,https://stock.adobe.com/nl/images/wiehl-germany-june-26-2020-gierse-daf-xf-truck-with-tank-trailer-on-motorway/374510860?prev_url=detail,Adobe Stock,Björn Wylezich,1000x667,06/02/2025 18:14,Ewaldo Nieuwenhuis,62.png,hazmat_sign,814.72,414.56,846.77,452.22,,99/3257
64,https://stock.adobe.com/nl/images/white-tanker-truck-transporting-diesel-fuel-adr-30-1202-in-heavy-snowfall/480004134?prev_url=detail,Adobe Stock,Taina Sohlman,1000x667,06/02/2025 18:15,Ewaldo Nieuwenhuis,64.png,hazmat_sign,812.28,269.6,905.3,338.3,snow,30/1202
65,https://stock.adobe.com/nl/images/tanklaster-mit-gefahrentafel/49978343?prev_url=detail,Adobe Stock,th-photo,1000x667,06/02/2025 18:15,Ewaldo Nieuwenhuis,65.png,hazmat_sign,494.64,141.37,855.03,411.24,,30/1202
66,https://stock.adobe.com/nl/images/gefahrgutkennzeichnung-fur-kohle-oder-russ-tierischen-oder-pflanzlichen-ursprungs-un-1361-gefahrnummer-40/440909478?prev_url=detail,Adobe Stock,Ronald Rampsch,1000x665,06/02/2025 18:15,Ewaldo Nieuwenhuis,66.png,hazmat_sign,105.22,124.19,529.7,521.1,,40/1361
67,https://stock.adobe.com/nl/images/white-volvo-fh-fuel-tanker-for-adr-gasoline-transport/428996321?prev_url=detail,Adobe Stock,Taina Sohlman,1000x667,06/02/2025 18:15,Ewaldo Nieuwenhuis,67.png,hazmat_sign,679.5,369.6,735.18,417.11,,33/1203
68,https://stock.adobe.com/nl/images/white-volvo-fh-tank-truck-hauls-neste-diesel-fuel-adr-30-1203-on-road-in-the-summer-volvo-fh-semi-trailer-truck-follows/495058140?prev_url=detail,Adobe Stock,Taina Sohlman,1000x667,06/02/2025 18:15,Ewaldo Nieuwenhuis,68.png,hazmat_sign,464.38,333.64,526.4,378.06,,30/1202
69,https://stock.adobe.com/nl/images/volvo-fh-tank-truck-transporting-gasoline-fuel-adr-code-33-1203-on-the-road-in-autumn/484181247?prev_url=detail,Adobe Stock,Taina Sohlman,1000x667,06/02/2025 18:15,Ewaldo Nieuwenhuis,69.png,hazmat_sign,402.0,442.16,430.3,464.85,,33/1203
70,https://stock.adobe.com/nl/images/white-volvo-fh-tank-truck-transports-gasoline-fuel-adr-code-33-1203-on-rural-highway-on-a-day-of-summer/872816341?prev_url=detail,Adobe Stock,Taina Sohlman,1000x667,06/02/2025 18:15,Ewaldo Nieuwenhuis,70.png,hazmat_sign,248.2,376.4,286.94,409.51,,33/1203
71,https://stock.adobe.com/nl/images/white-mercedes-benz-actros-truck-tank-trailer-transports-diesel-fuel-adr-code-30-1202-on-motorway-in-the-summer-copy-space/764042070?prev_url=detail,Adobe Stock,Taina Sohlman,1000x667,06/02/2025 18:16,Ewaldo Nieuwenhuis,71.png,hazmat_sign,522.3,458.84,553.82,479.86,,30/1202
72,https://stock.adobe.com/nl/images/white-volvo-fh-tank-truck-transports-diesel-fuel-adr-code-33-1203-on-rural-highway-on-a-day-of-summer/744565485?prev_url=detail,Adobe Stock,Taina Sohlman,1000x667,06/02/2025 18:16,Ewaldo Nieuwenhuis,72.png,hazmat_sign,422.38,384.55,470.08,418.91,,30/1202
73,https://stock.adobe.com/nl/images/two-new-white-volvo-fh-tanker-trucks-for-dangerous-goods-transport-adr-codes-23-1965-hydrocarbon-gas-and-33-1203-gasoline/739855695?prev_url=detail,Adobe Stock,Taina Sohlman,1000x667,06/02/2025 18:16,Ewaldo Nieuwenhuis,73.png,hazmat_sign,819.98,404.72,854.74,439.07,,33/1203
73,https://stock.adobe.com/nl/images/two-new-white-volvo-fh-tanker-trucks-for-dangerous-goods-transport-adr-codes-23-1965-hydrocarbon-gas-and-33-1203-gasoline/739855695?prev_url=detail,Adobe Stock,Taina Sohlman,1000x667,06/02/2025 18:16,Ewaldo Nieuwenhuis,73.png,hazmat_sign,393.68,405.57,436.53,440.73,,23/1965
74,https://stock.adobe.com/nl/images/volvo-fh-tank-truck-delivers-gasoline-fuel-in-city-adr-code-33-1203-signifies-gasoline-fuel/484181244?prev_url=detail,Adobe Stock,Taina Sohlman,1000x667,06/02/2025 18:16,Ewaldo Nieuwenhuis,74.png,hazmat_sign,315.84,395.92,371.71,440.74,,33/1203
75,https://stock.adobe.com/nl/images/white-scania-tank-truck-for-adr-transport-on-road-in-winter-adr-code-80-3264-signifies-acidic-inorganic-corrosive-liquid/542673984?prev_url=detail,Adobe Stock,Taina Sohlman,1000x667,06/02/2025 18:16,Ewaldo Nieuwenhuis,75.png,hazmat_sign,454.41,432.95,486.38,457.51,low quality,80/3264
76,https://stock.adobe.com/nl/images/new-daf-xg-semi-tanker-for-adr-liquid-transport-at-speed-on-highway-adr-code-60-2312-signifies-phenol-molten/536879950?prev_url=detail,Adobe Stock,Taina Sohlman,1000x667,06/02/2025 18:16,Ewaldo Nieuwenhuis,76.png,hazmat_sign,387.54,422.46,425.95,451.56,,60/2312
77,https://stock.adobe.com/nl/images/new-scania-volvo-and-renault-heavy-trucks-parked-on-a-truck-stop-yard-front-view/889111966?prev_url=detail,Adobe Stock,Taina Sohlman,1000x667,06/02/2025 18:16,Ewaldo Nieuwenhuis,77.png,hazmat_sign,168.39,387.65,218.68,426.2,,99/3257
78,https://stock.adobe.com/nl/images/lkw-warntafel-33-1203/18848949?prev_url=detail,Adobe Stock,Alberich,750x1000,06/02/2025 18:17,Ewaldo Nieuwenhuis,78.png,hazmat_sign,94.04,312.93,445.87,581.83,,33/1203
79,https://stock.adobe.com/nl/images/lkw-schild-warntafel-diesel-heiz-l-33-1202/18849444,Adobe Stock,Alberich,750x1000,06/02/2025 18:17,Ewaldo Nieuwenhuis,79.png,hazmat_sign,459.7,459.95,698.44,639.63,,30/1202
80,https://stock.adobe.com/nl/images/gefahrgut-lkw-mit-warnschild/40950637,Adobe Stock,Alberich,667x1000,06/02/2025 18:17,Ewaldo Nieuwenhuis,80.png,hazmat_sign,426.27,498.9,505.5,559.4,,30/1202
81,https://stock.adobe.com/nl/images/a-truck-carries-a-tank-of-combustible-fuel-on-a-highway-against-a-forest-and-blue-sky-the-concept-of-transportation-of-dangerous-goods-on-the-road-license/325743579?prev_url=detail,Adobe Stock,HENADZY,1000x682,06/02/2025 18:17,Ewaldo Nieuwenhuis,81.png,hazmat_sign,550.63,298.45,590.8,330.19,,33/1203
82,https://stock.adobe.com/nl/images/white-mercedes-benz-actros-semi-tanker-adr-transport-at-summer/403652641?prev_url=detail,Adobe Stock,Taina Sohlman,1000x667,06/02/2025 18:17,Ewaldo Nieuwenhuis,82.png,hazmat_sign,501.48,374.55,553.38,413.35,,99/3257
83,https://source.roboflow.com/XZtYbRZ7qB4ilZN5GngD/NPejKZ41aLkTWI2pWGNX/original.jpg,Roboflow,masters-thesis-yolo-model,808x1080,06/02/2025 19:55,Ewaldo Nieuwenhuis,83.png,hazmat_sign,216.34,730.18,345.13,829.14,,23/1965
84,https://source.roboflow.com/XZtYbRZ7qB4ilZN5GngD/PVgNyBENg7Jf30ZON8ZR/original.jpg,Roboflow,masters-thesis-yolo-model,810x1080,06/02/2025 19:55,Ewaldo Nieuwenhuis,84.png,hazmat_sign,126.26,536.2,273.12,635.94,,223/1972
85,https://source.roboflow.com/XZtYbRZ7qB4ilZN5GngD/lanSXXrBwssCLsOBbc04/original.jpg,Roboflow,masters-thesis-yolo-model,810x1080,06/02/2025 19:55,Ewaldo Nieuwenhuis,85.png,hazmat_sign,368.93,478.87,463.95,551.91,,23/1049
86,https://source.roboflow.com/XZtYbRZ7qB4ilZN5GngD/vt4lU1qARm1Al0wm9ooz/original.jpg,Roboflow,masters-thesis-yolo-model,811x1080,06/02/2025 19:55,Ewaldo Nieuwenhuis,86.png,hazmat_sign,460.89,311.6,554.35,398.77,rotated,22/2187
87,https://source.roboflow.com/XZtYbRZ7qB4ilZN5GngD/PBUbVsQOIKc7g6S7QRw4/original.jpg,Roboflow,masters-thesis-yolo-model,810x1080,06/02/2025 19:55,Ewaldo Nieuwenhuis,87.png,hazmat_sign,306.84,772.54,436.89,872.06,,33/1203
88,https://source.roboflow.com/XZtYbRZ7qB4ilZN5GngD/ulwkTKFF3vgmCzLfaXR4/original.jpg,Roboflow,masters-thesis-yolo-model,812x1080,06/02/2025 19:55,Ewaldo Nieuwenhuis,88.png,hazmat_sign,525.21,467.88,583.33,530.71,rotated,22/2187
89,https://source.roboflow.com/XZtYbRZ7qB4ilZN5GngD/87sxGQ8PEy7gj4aoKEBC/original.jpg,Roboflow,masters-thesis-yolo-model,811x1080,06/02/2025 19:55,Ewaldo Nieuwenhuis,89.png,hazmat_sign,488.22,351.65,555.76,430.18,rotated,22/2187
90,https://source.roboflow.com/XZtYbRZ7qB4ilZN5GngD/Wsq4bG2JIUsEXlVoMooe/original.jpg,Roboflow,masters-thesis-yolo-model,807x1079,06/02/2025 19:55,Ewaldo Nieuwenhuis,90.png,hazmat_sign,117.77,678.27,229.81,764.89,,23/1965
91,https://source.roboflow.com/XZtYbRZ7qB4ilZN5GngD/mNwXIlONULvpNbU23Hvk/original.jpg,Roboflow,masters-thesis-yolo-model,811x1080,06/02/2025 19:55,Ewaldo Nieuwenhuis,91.png,hazmat_sign,145.03,672.78,256.23,755.71,,33/1203
92,https://source.roboflow.com/XZtYbRZ7qB4ilZN5GngD/I4kuH2jnVgQTauy54jaI/original.jpg,Roboflow,masters-thesis-yolo-model,810x1080,06/02/2025 19:55,Ewaldo Nieuwenhuis,92.png,hazmat_sign,560.53,510.68,651.95,592.67,,23/1049
94,https://source.roboflow.com/XZtYbRZ7qB4ilZN5GngD/zTmAIyMHfbthnlCLaZW4/original.jpg,Roboflow,masters-thesis-yolo-model,810x1079,06/02/2025 19:55,Ewaldo Nieuwenhuis,94.png,hazmat_sign,244.97,552.1,398.44,676.38,,223/1972
95,https://source.roboflow.com/XZtYbRZ7qB4ilZN5GngD/08qq4lFVxmJQZ6hCVQD5/original.jpg,Roboflow,masters-thesis-yolo-model,809x1080,06/02/2025 19:55,Ewaldo Nieuwenhuis,95.png,hazmat_sign,218.44,625.65,323.05,706.7,,33/1203
96,https://source.roboflow.com/XZtYbRZ7qB4ilZN5GngD/hG4e7xOnwFrOQVnJYAOA/original.jpg,Roboflow,masters-thesis-yolo-model,810x1080,06/02/2025 19:55,Ewaldo Nieuwenhuis,96.png,hazmat_sign,586.92,324.08,689.64,419.27,,22/2187
97,https://source.roboflow.com/XZtYbRZ7qB4ilZN5GngD/qAHNGmcYp0m5ezvxcPQH/original.jpg,Roboflow,masters-thesis-yolo-model,811x1080,06/02/2025 19:55,Ewaldo Nieuwenhuis,97.png,hazmat_sign,258.1,754.77,375.9,855.6,,23/1965
98,https://source.roboflow.com/XZtYbRZ7qB4ilZN5GngD/Zb55M2bOHl4PJvMc1Po6/original.jpg,Roboflow,masters-thesis-yolo-model,810x1080,06/02/2025 19:55,Ewaldo Nieuwenhuis,98.png,hazmat_sign,641.29,495.48,668.94,542.82,,22/2187
99,https://source.roboflow.com/XZtYbRZ7qB4ilZN5GngD/UXdTQWbpFW64mCH9UiTX/original.jpg,Roboflow,masters-thesis-yolo-model,809x1080,06/02/2025 19:55,Ewaldo Nieuwenhuis,99.png,hazmat_sign,481.37,506.82,576.56,583.15,,23/1049
100,https://source.roboflow.com/XZtYbRZ7qB4ilZN5GngD/OMoG5MiCkD1bz8uQMrnp/original.jpg,Roboflow,masters-thesis-yolo-model,809x1080,06/02/2025 19:55,Ewaldo Nieuwenhuis,100.png,hazmat_sign,187.3,571.99,248.56,618.26,,22/1965
101,https://source.roboflow.com/XZtYbRZ7qB4ilZN5GngD/TwtIBKUQSy2ugUdE6CNB/original.jpg,Roboflow,masters-thesis-yolo-model,812x1080,06/02/2025 19:55,Ewaldo Nieuwenhuis,101.png,hazmat_sign,541.74,507.06,654.83,606.01,,23/1049
102,https://source.roboflow.com/XZtYbRZ7qB4ilZN5GngD/BGn1JmQz0hgCNUE73cZu/original.jpg,Roboflow,masters-thesis-yolo-model,810x1079,06/02/2025 19:55,Ewaldo Nieuwenhuis,102.png,hazmat_sign,426.69,474.05,566.98,576.68,,23/1049
103,https://source.roboflow.com/XZtYbRZ7qB4ilZN5GngD/eNI1H2fEPbbBGOXIiloc/original.jpg,Roboflow,masters-thesis-yolo-model,808x1080,06/02/2025 19:55,Ewaldo Nieuwenhuis,103.png,hazmat_sign,320.08,722.87,451.08,840.67,,30/1202
104,https://source.roboflow.com/XZtYbRZ7qB4ilZN5GngD/rNgCMy0iMoVGTfe4r476/original.jpg,Roboflow,masters-thesis-yolo-model,808x1080,06/02/2025 19:55,Ewaldo Nieuwenhuis,104.png,hazmat_sign,516.11,489.15,621.65,577.74,,23/1049
105,https://source.roboflow.com/XZtYbRZ7qB4ilZN5GngD/R1G9lt44JpamkwtL4EGS/original.jpg,Roboflow,masters-thesis-yolo-model,809x1080,06/02/2025 19:55,Ewaldo Nieuwenhuis,105.png,hazmat_sign,476.62,488.12,529.39,542.87,rotated,22/2107
106,https://source.roboflow.com/XZtYbRZ7qB4ilZN5GngD/UFyhtKw3i30QrjrBJAB5/original.jpg,Roboflow,masters-thesis-yolo-model,4272x2848,06/02/2025 19:55,Ewaldo Nieuwenhuis,106.png,hazmat_sign,2106.09,1610.29,2362.06,1819.05,,30/1202
107,https://source.roboflow.com/XZtYbRZ7qB4ilZN5GngD/hgJ7aAxryy60ljrJ4FRP/original.jpg,Roboflow,masters-thesis-yolo-model,4272x2848,06/02/2025 19:55,Ewaldo Nieuwenhuis,107.png,hazmat_sign,2292.47,1458.7,2657.79,1724.61,,30/1202
108,https://source.roboflow.com/XZtYbRZ7qB4ilZN5GngD/ZOuKkEEjw31gKIHHmF8O/original.jpg,Roboflow,masters-thesis-yolo-model,768x1024,06/02/2025 19:55,Ewaldo Nieuwenhuis,108.png,hazmat_sign,390.24,455.74,444.75,497.74,,223/1972
109,https://source.roboflow.com/XZtYbRZ7qB4ilZN5GngD/3k19lS1nbNiWrhahAI74/original.jpg,Roboflow,masters-thesis-yolo-model,768x1024,06/02/2025 19:55,Ewaldo Nieuwenhuis,109.png,hazmat_sign,291.95,455.74,375.95,520.08,,223/1972
110,https://source.roboflow.com/XZtYbRZ7qB4ilZN5GngD/c7HydoGj9TnQAqZqAlfN/original.jpg,Roboflow,masters-thesis-yolo-model,768x1024,06/02/2025 19:55,Ewaldo Nieuwenhuis,110.png,hazmat_sign,209.75,441.44,254.43,475.4,low quality,223/1972
111,https://source.roboflow.com/XZtYbRZ7qB4ilZN5GngD/THqm7GYe3wZ3dLSQdxoD/original.jpg,Roboflow,masters-thesis-yolo-model,768x1024,06/02/2025 19:55,Ewaldo Nieuwenhuis,111.png,hazmat_sign,196.23,526.57,245.31,564.57,low quality,223/1972
112,https://source.roboflow.com/XZtYbRZ7qB4ilZN5GngD/VR6RPvAK1EtPBN2fKbph/original.jpg,Roboflow,masters-thesis-yolo-model,768x1024,06/02/2025 19:55,Ewaldo Nieuwenhuis,112.png,hazmat_sign,262.45,586.71,323.21,634.07,,223/1972
113,https://source.roboflow.com/XZtYbRZ7qB4ilZN5GngD/Wl97xCMhKUbKqasGpo6D/original.jpg,Roboflow,masters-thesis-yolo-model,768x1024,06/02/2025 19:55,Ewaldo Nieuwenhuis,113.png,hazmat_sign,324.93,386.34,405.08,447.96,,223/1972
114,https://source.roboflow.com/XZtYbRZ7qB4ilZN5GngD/z1uSKgSX9h1KipvDOCJM/original.jpg,Roboflow,masters-thesis-yolo-model,960x720,06/02/2025 19:55,Ewaldo Nieuwenhuis,114.png,hazmat_sign,248.5,414.93,304.56,473.71,,80/2582
115,https://source.roboflow.com/XZtYbRZ7qB4ilZN5GngD/Q2MHusyFUBZMkRtq38xR/original.jpg,Roboflow,masters-thesis-yolo-model,4272x2848,06/02/2025 19:55,Ewaldo Nieuwenhuis,115.png,hazmat_sign,2174.94,1759.91,2423.02,1954.06,,30/1202
116,https://source.roboflow.com/XZtYbRZ7qB4ilZN5GngD/Hd8j3kCsuNB4LxaEIjdW/original.jpg,Roboflow,masters-thesis-yolo-model,4272x2848,06/02/2025 19:55,Ewaldo Nieuwenhuis,116.png,hazmat_sign,1641.6,1884.39,1900.27,2071.15,,30/1202
117,https://source.roboflow.com/XZtYbRZ7qB4ilZN5GngD/LuCzLxFjhq5n01edZl6D/original.jpg,Roboflow,masters-thesis-yolo-model,4272x2848,06/02/2025 19:55,Ewaldo Nieuwenhuis,117.png,hazmat_sign,2032.1,1689.63,2259.81,1866.41,,33/1173
118,https://source.roboflow.com/XZtYbRZ7qB4ilZN5GngD/cm8geR7fl1u4QmvUswZm/original.jpg,Roboflow,masters-thesis-yolo-model,4272x2848,06/02/2025 19:55,Ewaldo Nieuwenhuis,118.png,hazmat_sign,1919.24,1952.3,2088.03,2080.14,,30/1202
119,https://source.roboflow.com/XZtYbRZ7qB4ilZN5GngD/GjCYCSAqmjsiuYt6ckph/original.jpg,Roboflow,masters-thesis-yolo-model,4272x2848,06/02/2025 19:55,Ewaldo Nieuwenhuis,119.png,hazmat_sign,2191.9,1363.05,2326.73,1470.91,,22/2187
120,https://source.roboflow.com/XZtYbRZ7qB4ilZN5GngD/PvUx8LLhqjeEZYFKczpj/original.jpg,Roboflow,masters-thesis-yolo-model,4272x2848,06/02/2025 19:55,Ewaldo Nieuwenhuis,120.png,hazmat_sign,2306.91,1525.3,2576.14,1732.39,,22/2187
121,https://source.roboflow.com/XZtYbRZ7qB4ilZN5GngD/4b0Z0Or0OpWye723U0OU/original.jpg,Roboflow,masters-thesis-yolo-model,4272x2848,06/02/2025 19:55,Ewaldo Nieuwenhuis,121.png,hazmat_sign,2974.8,1436.28,3425.11,1788.18,,22/2187
122,https://source.roboflow.com/XZtYbRZ7qB4ilZN5GngD/IsKbTV1wEJI2VtaHsp2j/original.jpg,Roboflow,masters-thesis-yolo-model,960x762,06/02/2025 19:55,Ewaldo Nieuwenhuis,122.png,hazmat_sign,134.75,475.22,195.39,541.45,,80/2582
123,https://source.roboflow.com/XZtYbRZ7qB4ilZN5GngD/LxoAE3vnL5fw6BGdZES5/original.jpg,Roboflow,masters-thesis-yolo-model,4272x2848,06/02/2025 19:55,Ewaldo Nieuwenhuis,123.png,hazmat_sign,1686.19,1646.53,1842.2,1780.7,low quality,23/1965
124,https://source.roboflow.com/XZtYbRZ7qB4ilZN5GngD/me2xJuiy4hollmvO48if/original.jpg,Roboflow,masters-thesis-yolo-model,4272x2848,06/02/2025 19:55,Ewaldo Nieuwenhuis,124.png,hazmat_sign,2361.96,1310.73,2591.59,1483.7,,22/2187
125,https://source.roboflow.com/XZtYbRZ7qB4ilZN5GngD/scKWjDtSeVMOnD2mvRTW/original.jpg,Roboflow,masters-thesis-yolo-model,4272x2848,06/02/2025 19:55,Ewaldo Nieuwenhuis,125.png,hazmat_sign,1882.42,1722.13,2076.26,1986.8,,22/2187
126,https://source.roboflow.com/XZtYbRZ7qB4ilZN5GngD/yf1QmWgEtyxWlI5MPjJN/original.jpg,Roboflow,masters-thesis-yolo-model,868x960,06/02/2025 19:55,Ewaldo Nieuwenhuis,126.png,hazmat_sign,286.58,583.87,388.77,664.29,,80/2582
127,https://source.roboflow.com/XZtYbRZ7qB4ilZN5GngD/U2m3akL8Lr8ipZ7B9xFJ/original.jpg,Roboflow,masters-thesis-yolo-model,4272x2848,06/02/2025 19:55,Ewaldo Nieuwenhuis,127.png,hazmat_sign,2630.46,1153.02,3038.02,1473.61,,22/2187
128,https://source.roboflow.com/XZtYbRZ7qB4ilZN5GngD/PWjUk6flTa2MVSEuGPqQ/original.jpg,Roboflow,masters-thesis-yolo-model,4272x2848,06/02/2025 19:55,Ewaldo Nieuwenhuis,128.png,hazmat_sign,2787.02,1165.45,3264.17,1587.93,,22/2187
129,https://source.roboflow.com/XZtYbRZ7qB4ilZN5GngD/3xSV3TLbWPIp9LRhwBwr/original.jpg,Roboflow,masters-thesis-yolo-model,4272x2848,06/02/2025 19:55,Ewaldo Nieuwenhuis,129.png,hazmat_sign,2429.16,1600.35,2777.08,1886.15,,80/3264
130,https://source.roboflow.com/XZtYbRZ7qB4ilZN5GngD/Dk0P1f8X37NUzXFb2SAa/original.jpg,Roboflow,masters-thesis-yolo-model,4272x2848,06/02/2025 19:55,Ewaldo Nieuwenhuis,130.png,hazmat_sign,1827.75,1918.46,2046.44,2084.96,,23/1965
131,https://source.roboflow.com/XZtYbRZ7qB4ilZN5GngD/LoKgSKAEBzEIPPN0zVl3/original.jpg,Roboflow,masters-thesis-yolo-model,4272x2848,06/02/2025 19:55,Ewaldo Nieuwenhuis,131.png,hazmat_sign,1671.18,2159.52,2066.32,2465.19,,23/1965
133,https://source.roboflow.com/XZtYbRZ7qB4ilZN5GngD/NSDzhigddxTTXD1p6THN/original.jpg,Roboflow,masters-thesis-yolo-model,1536x2048,06/02/2025 19:55,Ewaldo Nieuwenhuis,133.png,hazmat_sign,599.76,1434.66,656.64,1473.96,low quality,30/1962
135,https://source.roboflow.com/XZtYbRZ7qB4ilZN5GngD/YDj9ibp4mB2hDhfriCjc/original.jpg,Roboflow,masters-thesis-yolo-model,4272x2848,06/02/2025 19:55,Ewaldo Nieuwenhuis,135.png,hazmat_sign,2105.09,1662.48,2266.63,1779.29,,33/1170
136,https://source.roboflow.com/XZtYbRZ7qB4ilZN5GngD/rZPUBswrvLXU2b1HpEK5/original.jpg,Roboflow,masters-thesis-yolo-model,4272x2848,06/02/2025 19:55,Ewaldo Nieuwenhuis,136.png,hazmat_sign,1898.82,1687.33,2159.76,1898.57,,33/1170
137,https://source.roboflow.com/XZtYbRZ7qB4ilZN5GngD/uwXTCJRWWzwK0mrSp7z1/original.jpg,Roboflow,masters-thesis-yolo-model,4272x2848,06/02/2025 19:55,Ewaldo Nieuwenhuis,137.png,hazmat_sign,1960.95,1528.28,2132.43,1674.91,,225/1073
138,https://source.roboflow.com/XZtYbRZ7qB4ilZN5GngD/lLG213MCEhzXEF6ThG3g/original.jpg,Roboflow,masters-thesis-yolo-model,960x918,06/02/2025 19:55,Ewaldo Nieuwenhuis,138.png,hazmat_sign,684.67,382.03,771.98,477.36,,80/1791
139,https://source.roboflow.com/XZtYbRZ7qB4ilZN5GngD/dBt4JrwwHMtbXuNb5vmY/original.jpg,Roboflow,masters-thesis-yolo-model,4272x2848,06/02/2025 19:55,Ewaldo Nieuwenhuis,139.png,hazmat_sign,1898.57,1540.71,2231.59,1789.23,,225/1073
140,https://source.roboflow.com/XZtYbRZ7qB4ilZN5GngD/nNsKoxOE35XE4Xf9s6MZ/original.jpg,Roboflow,masters-thesis-yolo-model,4272x2848,06/02/2025 19:55,Ewaldo Nieuwenhuis,140.png,hazmat_sign,1842.76,2002.01,2033.62,2145.15,,23/1965
141,https://source.roboflow.com/XZtYbRZ7qB4ilZN5GngD/stt3RhkXb2sRpG6NqNe3/original.jpg,Roboflow,masters-thesis-yolo-model,4272x2848,06/02/2025 19:55,Ewaldo Nieuwenhuis,141.png,hazmat_sign,2072.39,1876.75,2367.62,2091.47,,23/1965
142,https://source.roboflow.com/XZtYbRZ7qB4ilZN5GngD/LR0p5cqXiAU83fXCcIlg/original.jpg,Roboflow,masters-thesis-yolo-model,1200x630,06/02/2025 19:55,Ewaldo Nieuwenhuis,142.png,hazmat_sign,447.44,350.53,536.5,411.88,,23/1965
143,https://source.roboflow.com/XZtYbRZ7qB4ilZN5GngD/STrWrbMeTvLwzPw1XRBu/original.jpg,Roboflow,masters-thesis-yolo-model,576x384,06/02/2025 19:55,Ewaldo Nieuwenhuis,143.png,hazmat_sign,260.97,190.32,304.79,223.29,,30/1202
144,https://source.roboflow.com/XZtYbRZ7qB4ilZN5GngD/iCYmYHjUQWPmMPmrKsrk/original.jpg,Roboflow,masters-thesis-yolo-model,1536x2048,06/02/2025 19:55,Ewaldo Nieuwenhuis,144.png,hazmat_sign,607.31,1518.26,702.97,1588.93,,30/1863
145,https://source.roboflow.com/XZtYbRZ7qB4ilZN5GngD/mWG7SIEFyCDp0s0lRB3p/original.jpg,Roboflow,masters-thesis-yolo-model,960x720,06/02/2025 19:55,Ewaldo Nieuwenhuis,145.png,hazmat_sign,111.04,296.47,138.61,314.95,low quality,30/1203
145,https://source.roboflow.com/XZtYbRZ7qB4ilZN5GngD/mWG7SIEFyCDp0s0lRB3p/original.jpg,Roboflow,masters-thesis-yolo-model,960x720,06/02/2025 19:55,Ewaldo Nieuwenhuis,145.png,hazmat_sign,649.02,344.89,732.71,422.54,,33/1203
146,https://source.roboflow.com/XZtYbRZ7qB4ilZN5GngD/X9raw7oq1CYdWEWT9k8h/original.jpg,Roboflow,masters-thesis-yolo-model,768x1024,06/02/2025 19:55,Ewaldo Nieuwenhuis,146.png,hazmat_sign,253.41,606.39,381.0,701.82,,30/1202
147,https://source.roboflow.com/XZtYbRZ7qB4ilZN5GngD/ct7JLTf5nzOC6t2C7dpn/original.jpg,Roboflow,masters-thesis-yolo-model,768x1024,06/02/2025 19:55,Ewaldo Nieuwenhuis,147.png,hazmat_sign,90.42,381.22,233.03,478.79,damaged,20/1046
148,https://source.roboflow.com/XZtYbRZ7qB4ilZN5GngD/9trLkvoYXuf2K4uQNyEZ/original.jpg,Roboflow,masters-thesis-yolo-model,768x1024,06/02/2025 19:55,Ewaldo Nieuwenhuis,148.png,hazmat_sign,197.65,431.61,273.78,486.3,,23/1965
149,https://source.roboflow.com/XZtYbRZ7qB4ilZN5GngD/epaGfbKzV4z5D0twgw7W/original.jpg,Roboflow,masters-thesis-yolo-model,768x1024,06/02/2025 19:55,Ewaldo Nieuwenhuis,149.png,hazmat_sign,274.85,545.27,350.98,604.25,,23/1965
151,https://source.roboflow.com/XZtYbRZ7qB4ilZN5GngD/arxrzbUB5m6AnVY37Qin/original.jpg,Roboflow,masters-thesis-yolo-model,768x1024,06/02/2025 19:55,Ewaldo Nieuwenhuis,151.png,hazmat_sign,121.2,529.73,271.31,640.17,,22/1977
152,https://source.roboflow.com/XZtYbRZ7qB4ilZN5GngD/a0e5wQFxJrSbga19iXE3/original.jpg,Roboflow,masters-thesis-yolo-model,768x1024,06/02/2025 19:55,Ewaldo Nieuwenhuis,152.png,hazmat_sign,189.07,477.72,265.2,534.55,,225/1073
154,https://source.roboflow.com/XZtYbRZ7qB4ilZN5GngD/FHRecH5Uj5wa0a0DNkHt/original.jpg,Roboflow,masters-thesis-yolo-model,768x1024,06/02/2025 19:55,Ewaldo Nieuwenhuis,154.png,hazmat_sign,312.38,468.07,436.76,558.14,,33/1203
155,https://source.roboflow.com/XZtYbRZ7qB4ilZN5GngD/SsBidji55m6vP0nw7wHw/original.jpg,Roboflow,masters-thesis-yolo-model,1536x2048,06/02/2025 19:55,Ewaldo Nieuwenhuis,155.png,hazmat_sign,924.96,1502.26,1075.07,1615.92,,30/1863
156,https://source.roboflow.com/XZtYbRZ7qB4ilZN5GngD/KNjydWZd3RAVFy8yOsKu/original.jpg,Roboflow,masters-thesis-yolo-model,924x1024,06/02/2025 19:55,Ewaldo Nieuwenhuis,156.png,hazmat_sign,112.62,575.3,176.95,636.41,,30/1202
157,https://source.roboflow.com/XZtYbRZ7qB4ilZN5GngD/NUD9pBkrupxKOYl81qGl/original.jpg,Roboflow,masters-thesis-yolo-model,768x1024,06/02/2025 19:55,Ewaldo Nieuwenhuis,157.png,hazmat_sign,305.95,656.79,411.03,742.57,,30/1202
158,https://source.roboflow.com/XZtYbRZ7qB4ilZN5GngD/VAantyoe2QfWR2AWky7f/original.jpg,Roboflow,masters-thesis-yolo-model,768x1024,06/02/2025 19:55,Ewaldo Nieuwenhuis,158.png,hazmat_sign,254.48,660.0,343.5,732.9,,33/1203
159,https://source.roboflow.com/XZtYbRZ7qB4ilZN5GngD/BNPOGmsckioFrVcsENQJ/original.jpg,Roboflow,masters-thesis-yolo-model,768x1024,06/02/2025 19:55,Ewaldo Nieuwenhuis,159.png,hazmat_sign,335.97,651.43,419.61,721.12,,33/1203
160,https://source.roboflow.com/XZtYbRZ7qB4ilZN5GngD/5ynEmV3lpcR3itUK2gLN/original.jpg,Roboflow,masters-thesis-yolo-model,768x1024,06/02/2025 19:55,Ewaldo Nieuwenhuis,160.png,hazmat_sign,342.4,688.95,423.89,753.29,,33/1203
161,https://source.roboflow.com/XZtYbRZ7qB4ilZN5GngD/0L3c0NkVxzwa3sTyf2Js/original.jpg,Roboflow,masters-thesis-yolo-model,768x1024,06/02/2025 19:55,Ewaldo Nieuwenhuis,161.png,hazmat_sign,338.12,660.0,410.0,717.9,,33/1203
163,https://source.roboflow.com/XZtYbRZ7qB4ilZN5GngD/dDxm9PFLCaMUe0vPWXkR/original.jpg,Roboflow,masters-thesis-yolo-model,768x1024,06/02/2025 19:55,Ewaldo Nieuwenhuis,163.png,hazmat_sign,182.64,678.23,294.15,757.58,,23/1965
164,https://source.roboflow.com/XZtYbRZ7qB4ilZN5GngD/JGfNOmIqHnSYJjmPrqo4/original.jpg,Roboflow,masters-thesis-yolo-model,768x1024,06/02/2025 19:55,Ewaldo Nieuwenhuis,164.png,hazmat_sign,253.41,690.03,384.22,782.24,,23/1965
165,https://source.roboflow.com/XZtYbRZ7qB4ilZN5GngD/hhlcUXb0Lp3LM3LcpDm9/original.jpg,Roboflow,masters-thesis-yolo-model,1409x623,06/02/2025 19:55,Ewaldo Nieuwenhuis,165.png,hazmat_sign,1146.23,351.2,1201.0,391.31,low quality,60/2811
166,https://source.roboflow.com/XZtYbRZ7qB4ilZN5GngD/uwXTCJRWWzwK0mrSp7z1/original.jpg,Roboflow,masters-thesis-yolo-model,1536x2048,06/02/2025 19:55,Ewaldo Nieuwenhuis,166.png,hazmat_sign,555.38,1097.62,632.95,1152.92,,40/1361
169,https://source.roboflow.com/XZtYbRZ7qB4ilZN5GngD/TkvWnjuVccZFy4mKLlvx/original.jpg,Roboflow,masters-thesis-yolo-model,1600x787,06/02/2025 19:55,Ewaldo Nieuwenhuis,169.png,hazmat_sign,1310.55,399.69,1340.47,430.67,low quality,22/1951
170,https://source.roboflow.com/XZtYbRZ7qB4ilZN5GngD/jBoyJITMWP8koOLqAp7E/original.jpg,Roboflow,masters-thesis-yolo-model,960x721,06/02/2025 19:55,Ewaldo Nieuwenhuis,170.png,hazmat_sign,392.29,373.8,498.28,449.0,damaged,33/1203
172,https://source.roboflow.com/XZtYbRZ7qB4ilZN5GngD/408gDAy4QSWQzD4EyrN4/original.jpg,Roboflow,masters-thesis-yolo-model,720x960,06/02/2025 19:55,Ewaldo Nieuwenhuis,172.png,hazmat_sign,305.76,485.49,363.66,530.13,,30/1202
173,https://source.roboflow.com/XZtYbRZ7qB4ilZN5GngD/Z7O3bu709OZFOs0OKy12/original.jpg,Roboflow,masters-thesis-yolo-model,960x721,06/02/2025 19:55,Ewaldo Nieuwenhuis,173.png,hazmat_sign,746.16,408.14,824.98,493.3,damaged,33/1203
174,https://source.roboflow.com/XZtYbRZ7qB4ilZN5GngD/J7nRML2gRn3YYzx9o8p5/original.jpg,Roboflow,masters-thesis-yolo-model,1536x2048,06/02/2025 19:55,Ewaldo Nieuwenhuis,174.png,hazmat_sign,707.63,1522.67,816.22,1607.48,,30/1863
176,https://source.roboflow.com/XZtYbRZ7qB4ilZN5GngD/MEWNQoq1lPPbi0t64vV1/original.jpg,Roboflow,masters-thesis-yolo-model,852x640,06/02/2025 19:55,Ewaldo Nieuwenhuis,176.png,hazmat_sign,746.6,362.09,786.46,397.37,low quality,30/1202
176,https://source.roboflow.com/XZtYbRZ7qB4ilZN5GngD/MEWNQoq1lPPbi0t64vV1/original.jpg,Roboflow,masters-thesis-yolo-model,852x640,06/02/2025 19:55,Ewaldo Nieuwenhuis,176.png,hazmat_sign,473.51,350.78,498.83,383.91,low quality,30/1202
177,https://source.roboflow.com/XZtYbRZ7qB4ilZN5GngD/xn4NfdfJ0mbrBtrHp43O/original.jpg,Roboflow,masters-thesis-yolo-model,1536x2048,06/02/2025 19:55,Ewaldo Nieuwenhuis,177.png,hazmat_sign,645.26,1058.11,737.31,1128.44,,40/1361
178,https://source.roboflow.com/XZtYbRZ7qB4ilZN5GngD/tWO5Kc1k9oUXiIC80aj7/original.jpg,Roboflow,masters-thesis-yolo-model,720x960,06/02/2025 19:55,Ewaldo Nieuwenhuis,178.png,hazmat_sign,245.3,513.9,324.77,574.52,,99/3257
179,https://source.roboflow.com/XZtYbRZ7qB4ilZN5GngD/VR6RPvAK1EtPBN2fKbph/original.jpg,Roboflow,masters-thesis-yolo-model,1405x632,06/02/2025 19:55,Ewaldo Nieuwenhuis,179.png,hazmat_sign,904.22,367.93,942.05,397.23,,60/2811
183,https://source.roboflow.com/XZtYbRZ7qB4ilZN5GngD/Oc5D4njsCToFZLrBVvZH/original.jpg,Roboflow,masters-thesis-yolo-model,1105x477,06/02/2025 19:55,Ewaldo Nieuwenhuis,183.png,hazmat_sign,453.89,228.43,490.19,259.29,consists letter,2YE/1978
187,https://source.roboflow.com/XZtYbRZ7qB4ilZN5GngD/ExqDEDJB2E8rx5mVz6jg/original.jpg,Roboflow,masters-thesis-yolo-model,1215x615,06/02/2025 19:55,Ewaldo Nieuwenhuis,187.png,hazmat_sign,878.21,307.05,922.11,338.98,consists letter,3Y/1223
187,https://source.roboflow.com/XZtYbRZ7qB4ilZN5GngD/ExqDEDJB2E8rx5mVz6jg/original.jpg,Roboflow,masters-thesis-yolo-model,1215x615,06/02/2025 19:55,Ewaldo Nieuwenhuis,187.png,hazmat_sign,462.55,392.6,506.89,424.75,consists letter,3Z/3082
188,https://source.roboflow.com/XZtYbRZ7qB4ilZN5GngD/VR6RPvAK1EtPBN2fKbph/original.jpg,Roboflow,masters-thesis-yolo-model,1536x2048,06/02/2025 19:55,Ewaldo Nieuwenhuis,188.png,hazmat_sign,1127.18,973.21,1290.17,1099.73,,40/1363
189,https://source.roboflow.com/XZtYbRZ7qB4ilZN5GngD/5USBeCw4a2flhSU7Q4hB/original.jpg,Roboflow,masters-thesis-yolo-model,1212x612,06/02/2025 19:55,Ewaldo Nieuwenhuis,189.png,hazmat_sign,425.14,237.17,485.52,287.6,consists letter,3Y/1223
190,https://source.roboflow.com/XZtYbRZ7qB4ilZN5GngD/wGY6ORUM4f3q8EPrtPUa/original.jpg,Roboflow,masters-thesis-yolo-model,1207x543,06/02/2025 19:55,Ewaldo Nieuwenhuis,190.png,hazmat_sign,509.65,295.16,564.49,345.38,,90/3082
191,https://source.roboflow.com/XZtYbRZ7qB4ilZN5GngD/wJn6LrhbnHGxkOaAL2cL/original.jpg,Roboflow,masters-thesis-yolo-model,1213x548,06/02/2025 19:55,Ewaldo Nieuwenhuis,191.png,hazmat_sign,416.55,278.83,475.65,328.63,,90/3082
192,https://source.roboflow.com/XZtYbRZ7qB4ilZN5GngD/SGOgp2Nc64vTN9YV3tPd/original.jpg,Roboflow,masters-thesis-yolo-model,1212x546,06/02/2025 19:55,Ewaldo Nieuwenhuis,192.png,hazmat_sign,766.85,374.72,807.32,415.19,,90/3082
193,https://source.roboflow.com/XZtYbRZ7qB4ilZN5GngD/FdHgRvsCVo6Fn452k8QV/original.jpg,Roboflow,masters-thesis-yolo-model,1212x550,06/02/2025 19:55,Ewaldo Nieuwenhuis,193.png,hazmat_sign,570.45,268.56,622.87,309.03,,33/1203
194,https://source.roboflow.com/XZtYbRZ7qB4ilZN5GngD/vcAFqIu5cQCPqlmeiOv1/original.jpg,Roboflow,masters-thesis-yolo-model,1100x608,06/02/2025 19:55,Ewaldo Nieuwenhuis,194.png,hazmat_sign,891.52,285.05,947.55,342.35,,30/1202
195,https://source.roboflow.com/XZtYbRZ7qB4ilZN5GngD/BUqnVF7MjuXm5RDc1xUT/original.jpg,Roboflow,masters-thesis-yolo-model,1920x827,06/02/2025 19:55,Ewaldo Nieuwenhuis,195.png,hazmat_sign,1693.26,546.0,1744.35,598.92,low quality,226/1230
197,https://source.roboflow.com/XZtYbRZ7qB4ilZN5GngD/aZ5kXTuxlRuTw44ds5Ut/original.jpg,Roboflow,masters-thesis-yolo-model,1536x2048,06/02/2025 19:55,Ewaldo Nieuwenhuis,197.png,hazmat_sign,860.62,998.09,989.29,1094.59,,40/1361
198,https://source.roboflow.com/XZtYbRZ7qB4ilZN5GngD/o4oSJzN8me1MM4Nu3TQ9/original.jpg,Roboflow,masters-thesis-yolo-model,1920x827,06/02/2025 19:55,Ewaldo Nieuwenhuis,198.png,hazmat_sign,1303.19,486.12,1349.31,520.08,,68/1750
199,https://source.roboflow.com/XZtYbRZ7qB4ilZN5GngD/bVf3PUAz2XbUD2Di500i/original.jpg,Roboflow,masters-thesis-yolo-model,1536x2048,06/02/2025 19:55,Ewaldo Nieuwenhuis,199.png,hazmat_sign,613.45,1466.9,677.29,1514.78,,30/1863
200,https://source.roboflow.com/XZtYbRZ7qB4ilZN5GngD/sK7ADAlycXJ70vi6NG8r/original.jpg,Roboflow,masters-thesis-yolo-model,1920x870,06/02/2025 19:55,Ewaldo Nieuwenhuis,200.png,hazmat_sign,1352.91,537.27,1404.61,573.26,,223/1972
201,https://source.roboflow.com/XZtYbRZ7qB4ilZN5GngD/LlyDvXAKzxiKc6CQu8lX/original.jpg,Roboflow,masters-thesis-yolo-model,1536x2048,06/02/2025 19:55,Ewaldo Nieuwenhuis,201.png,hazmat_sign,757.6,1370.84,958.33,1525.25,,30/1202
203,https://source.roboflow.com/XZtYbRZ7qB4ilZN5GngD/5lonoipy0FrbL2yWpM99/original.jpg,Roboflow,masters-thesis-yolo-model,1536x2048,06/02/2025 19:55,Ewaldo Nieuwenhuis,203.png,hazmat_sign,816.79,1224.16,994.35,1368.27,,30/1202
205,https://source.roboflow.com/XZtYbRZ7qB4ilZN5GngD/6RUFhlZA2fUVwup89qNx/original.jpg,Roboflow,masters-thesis-yolo-model,4272x2848,06/02/2025 19:55,Ewaldo Nieuwenhuis,205.png,hazmat_sign,2368.58,1741.96,2561.82,1888.68,,90/3082
206,https://source.roboflow.com/XZtYbRZ7qB4ilZN5GngD/H23wbEvpoVyAahprJ9d1/original.jpg,Roboflow,masters-thesis-yolo-model,4272x2848,06/02/2025 19:55,Ewaldo Nieuwenhuis,206.png,hazmat_sign,2608.35,1770.59,2891.06,1992.46,,90/3082
207,https://source.roboflow.com/XZtYbRZ7qB4ilZN5GngD/ld3IlumoNQtJrEmRLkZB/original.jpg,Roboflow,masters-thesis-yolo-model,1155x1198,06/02/2025 19:55,Ewaldo Nieuwenhuis,207.png,hazmat_sign,709.18,670.94,819.07,761.26,,80/1824
209,https://www.sinanlitanker.com.tr/dimg/galeri/20130731160423390B.jpg,Sinali Trailers,Sinan Tanker Tailer,800x600,02/03/2025 11:30,Stanislav Levendeev,209.jpg,hazmat_sign,157.63,342.02,181.91,363.99,,33/1203
209,https://www.sinanlitanker.com.tr/dimg/galeri/20130731160423390B.jpg,Sinali Trailers,Sinan Tanker Tailer,800x600,02/03/2025 11:30,Stanislav Levendeev,209.jpg,hazmat_sign,236.13,342.2,262.14,367.05,,33/1203
211,https://www.sinanlitanker.com.tr/dimg/galeri/20130731160749486B.jpg,Sinali Trailers,Sinan Tanker Tailer,800x600,02/03/2025 11:30,Stanislav Levendeev,211.jpg,hazmat_sign,314.74,258.38,360.98,295.95,,33/1203
212,https://www.sinanlitanker.com.tr/dimg/galeri/20130731160810683B.jpg,Sinali Trailers,Sinan Tanker Tailer,800x600,02/03/2025 11:30,Stanislav Levendeev,212.jpg,hazmat_sign,429.77,350.29,466.76,384.97,,33/1203
212,https://www.sinanlitanker.com.tr/dimg/galeri/20130731160810683B.jpg,Sinali Trailers,Sinan Tanker Tailer,800x600,02/03/2025 11:30,Stanislav Levendeev,212.jpg,hazmat_sign,529.77,345.67,556.94,376.88,,33/1203
213,https://www.sinanlitanker.com.tr/dimg/galeri/20130731160826870B.jpg,Sinali Trailers,Sinan Tanker Tailer,800x600,02/03/2025 11:30,Stanislav Levendeev,213.jpg,hazmat_sign,474.86,301.16,506.07,335.26,,33/1203
213,https://www.sinanlitanker.com.tr/dimg/galeri/20130731160826870B.jpg,Sinali Trailers,Sinan Tanker Tailer,800x600,02/03/2025 11:30,Stanislav Levendeev,213.jpg,hazmat_sign,563.3,297.69,585.84,327.75,,33/1203
214,https://www.sinanlitanker.com.tr/dimg/galeri/20130731160944152B.jpg,Sinali Trailers,Sinan Tanker Tailer,800x600,02/03/2025 11:30,Stanislav Levendeev,214.jpg,hazmat_sign,266.76,284.39,299.13,310.41,,33/1203
214,https://www.sinanlitanker.com.tr/dimg/galeri/20130731160944152B.jpg,Sinali Trailers,Sinan Tanker Tailer,800x600,02/03/2025 11:30,Stanislav Levendeev,214.jpg,hazmat_sign,371.97,287.28,405.49,312.72,,33/1203
215,https://www.sinanlitanker.com.tr/dimg/galeri/20130731161032497B.jpg,Sinali Trailers,Sinan Tanker Tailer,800x600,02/03/2025 11:30,Stanislav Levendeev,215.jpg,hazmat_sign,518.79,213.87,570.81,258.96,low quality,33/1203
218,https://www.sinanlitanker.com.tr/dimg/galeri/20130731161157711B.jpg,Sinali Trailers,Sinan Tanker Tailer,800x600,02/03/2025 11:30,Stanislav Levendeev,218.jpg,hazmat_sign,468.5,294.8,497.98,317.92,,33/1203
218,https://www.sinanlitanker.com.tr/dimg/galeri/20130731161157711B.jpg,Sinali Trailers,Sinan Tanker Tailer,800x600,02/03/2025 11:30,Stanislav Levendeev,218.jpg,hazmat_sign,553.47,293.64,581.21,316.19,,33/1203
219,https://www.sinanlitanker.com.tr/dimg/galeri/20130731161213180B.jpg,Sinali Trailers,Sinan Tanker Tailer,800x600,02/03/2025 11:30,Stanislav Levendeev,219.jpg,hazmat_sign,460.98,316.76,491.04,353.18,yellow plate,33/1203
219,https://www.sinanlitanker.com.tr/dimg/galeri/20130731161213180B.jpg,Sinali Trailers,Sinan Tanker Tailer,800x600,02/03/2025 11:30,Stanislav Levendeev,219.jpg,hazmat_sign,543.64,309.83,566.19,339.31,yellow plate,33/1203
227,https://www.sinanlitanker.com.tr/dimg/galeri/20130731161942386B.jpg,Sinali Trailers,Sinan Tanker Tailer,1065x600,02/03/2025 11:30,Stanislav Levendeev,227.jpg,hazmat_sign,470.06,278.04,504.74,308.67,,33/1203
227,https://www.sinanlitanker.com.tr/dimg/galeri/20130731161942386B.jpg,Sinali Trailers,Sinan Tanker Tailer,1065x600,02/03/2025 11:30,Stanislav Levendeev,227.jpg,hazmat_sign,724.39,276.3,768.9,311.56,,33/1203
228,https://www.sinanlitanker.com.tr/dimg/galeri/20130731162024557B.jpg,Sinali Trailers,Sinan Tanker Tailer,800x600,02/03/2025 11:30,Stanislav Levendeev,228.jpg,hazmat_sign,126.88,321.97,156.94,347.4,,33/1203
228,https://www.sinanlitanker.com.tr/dimg/galeri/20130731162024557B.jpg,Sinali Trailers,Sinan Tanker Tailer,800x600,02/03/2025 11:30,Stanislav Levendeev,228.jpg,hazmat_sign,508.96,324.86,542.49,349.13,sunflare,33/1203
232,https://www.sinanlitanker.com.tr/dimg/galeri/20130731162146657B.jpg,Sinali Trailers,Sinan Tanker Tailer,800x600,02/03/2025 11:30,Stanislav Levendeev,232.jpg,hazmat_sign,300.87,260.12,339.02,302.89,,33/1203
232,https://www.sinanlitanker.com.tr/dimg/galeri/20130731162146657B.jpg,Sinali Trailers,Sinan Tanker Tailer,800x600,02/03/2025 11:30,Stanislav Levendeev,232.jpg,hazmat_sign,468.5,271.1,522.25,321.97,,33/1203
232,https://www.sinanlitanker.com.tr/dimg/galeri/20130731162146657B.jpg,Sinali Trailers,Sinan Tanker Tailer,800x600,02/03/2025 11:30,Stanislav Levendeev,232.jpg,hazmat_sign,669.08,228.9,697.98,272.25,,33/1203
233,https://www.sinanlitanker.com.tr/dimg/galeri/20130731162230547B.jpg,Sinali Trailers,Sinan Tanker Tailer,800x600,02/03/2025 11:30,Stanislav Levendeev,233.jpg,hazmat_sign,441.33,312.72,483.53,349.71,,33/1203
235,https://www.sinanlitanker.com.tr/dimg/galeri/20130731162300177B.jpg,Sinali Trailers,Sinan Tanker Tailer,800x600,02/03/2025 11:30,Stanislav Levendeev,235.jpg,hazmat_sign,603.18,285.55,634.39,321.39,,33/1203
236,https://www.sinanlitanker.com.tr/dimg/galeri/20130731162315123B.jpg,Sinali Trailers,Sinan Tanker Tailer,800x600,02/03/2025 11:30,Stanislav Levendeev,236.jpg,hazmat_sign,273.12,356.65,302.6,390.17,,33/1203
236,https://www.sinanlitanker.com.tr/dimg/galeri/20130731162315123B.jpg,Sinali Trailers,Sinan Tanker Tailer,800x600,02/03/2025 11:30,Stanislav Levendeev,236.jpg,hazmat_sign,569.65,294.22,597.98,328.32,,33/1203
237,https://www.sinanlitanker.com.tr/dimg/galeri/20130731162329232B.jpg,Sinali Trailers,Sinan Tanker Tailer,800x600,02/03/2025 11:30,Stanislav Levendeev,237.jpg,hazmat_sign,601.45,287.28,631.5,325.43,,33/1203
238,https://www.sinanlitanker.com.tr/dimg/galeri/20130731162343272B.jpg,Sinali Trailers,Sinan Tanker Tailer,800x600,02/03/2025 11:30,Stanislav Levendeev,238.jpg,hazmat_sign,434.39,197.11,476.01,230.06,orange truck,33/1203
240,https://www.sinanlitanker.com.tr/dimg/galeri/20130731162411396B.jpg,Sinali Trailers,Sinan Tanker Tailer,800x600,02/03/2025 11:30,Stanislav Levendeev,240.jpg,hazmat_sign,510.69,293.06,550.58,325.43,orange truck,33/1203
243,https://www.sinanlitanker.com.tr/dimg/galeri/20130731162502767B.jpg,Sinali Trailers,Sinan Tanker Tailer,800x600,02/03/2025 11:30,Stanislav Levendeev,243.jpg,hazmat_sign,269.65,234.68,318.79,268.21,,33/1203
244,https://www.sinanlitanker.com.tr/dimg/galeri/20130731162559863B.jpg,Sinali Trailers,Sinan Tanker Tailer,800x600,02/03/2025 11:30,Stanislav Levendeev,244.jpg,hazmat_sign,150.58,297.11,174.86,331.21,,33/1203
244,https://www.sinanlitanker.com.tr/dimg/galeri/20130731162559863B.jpg,Sinali Trailers,Sinan Tanker Tailer,800x600,02/03/2025 11:30,Stanislav Levendeev,244.jpg,hazmat_sign,445.38,327.17,506.65,387.28,,33/1203
244,https://www.sinanlitanker.com.tr/dimg/galeri/20130731162559863B.jpg,Sinali Trailers,Sinan Tanker Tailer,800x600,02/03/2025 11:30,Stanislav Levendeev,244.jpg,hazmat_sign,564.45,242.78,615.32,298.84,,33/1203
256,https://www.sinanlitanker.com.tr/dimg/galeri/20130731163054388B.jpg,Sinali Trailers,Sinan Tanker Tailer,800x600,02/03/2025 11:30,Stanislav Levendeev,256.jpg,hazmat_sign,293.35,277.46,322.83,306.94,,33/1203
256,https://www.sinanlitanker.com.tr/dimg/galeri/20130731163054388B.jpg,Sinali Trailers,Sinan Tanker Tailer,800x600,02/03/2025 11:30,Stanislav Levendeev,256.jpg,hazmat_sign,393.35,278.61,429.19,309.25,,33/1203
257,https://www.sinanlitanker.com.tr/dimg/galeri/20130731163222568B.jpg,Sinali Trailers,Sinan Tanker Tailer,800x600,02/03/2025 11:30,Stanislav Levendeev,257.jpg,hazmat_sign,374.28,286.71,428.04,343.93,,33/1203
257,https://www.sinanlitanker.com.tr/dimg/galeri/20130731163222568B.jpg,Sinali Trailers,Sinan Tanker Tailer,800x600,02/03/2025 11:30,Stanislav Levendeev,257.jpg,hazmat_sign,477.17,223.12,533.24,273.41,,33/1203
260,https://www.sinanlitanker.com.tr/dimg/galeri/20130731163304568B.jpg,Sinali Trailers,Sinan Tanker Tailer,800x600,02/03/2025 11:30,Stanislav Levendeev,260.jpg,hazmat_sign,540.17,321.97,576.01,361.85,,33/1203
260,https://www.sinanlitanker.com.tr/dimg/galeri/20130731163304568B.jpg,Sinali Trailers,Sinan Tanker Tailer,800x600,02/03/2025 11:30,Stanislav Levendeev,260.jpg,hazmat_sign,684.1,313.87,711.27,349.71,,33/1203
263,https://www.sinanlitanker.com.tr/dimg/galeri/20130731163357783B.jpg,Sinali Trailers,Sinan Tanker Tailer,800x600,02/03/2025 11:30,Stanislav Levendeev,263.jpg,hazmat_sign,462.72,257.8,499.71,287.86,,33/1203
263,https://www.sinanlitanker.com.tr/dimg/galeri/20130731163357783B.jpg,Sinali Trailers,Sinan Tanker Tailer,800x600,02/03/2025 11:30,Stanislav Levendeev,263.jpg,hazmat_sign,621.1,254.34,658.67,286.71,,33/1203
265,https://www.sinanlitanker.com.tr/dimg/galeri/20130731163421170B.jpg,Sinali Trailers,Sinan Tanker Tailer,800x600,02/03/2025 11:30,Stanislav Levendeev,265.jpg,hazmat_sign,374.28,301.16,413.01,331.21,,33/1203
265,https://www.sinanlitanker.com.tr/dimg/galeri/20130731163421170B.jpg,Sinali Trailers,Sinan Tanker Tailer,800x600,02/03/2025 11:30,Stanislav Levendeev,265.jpg,hazmat_sign,553.47,292.49,596.24,323.12,,33/1203
266,https://www.sinanlitanker.com.tr/dimg/galeri/20130731163435875B.jpg,Sinali Trailers,Sinan Tanker Tailer,800x600,02/03/2025 11:30,Stanislav Levendeev,266.jpg,hazmat_sign,469.65,285.55,505.49,319.08,,33/1203
266,https://www.sinanlitanker.com.tr/dimg/galeri/20130731163435875B.jpg,Sinali Trailers,Sinan Tanker Tailer,800x600,02/03/2025 11:30,Stanislav Levendeev,266.jpg,hazmat_sign,605.49,273.41,632.08,304.05,,33/1203
269,https://www.sinanlitanker.com.tr/dimg/galeri/20130731163548514B.jpg,Sinali Trailers,Sinan Tanker Tailer,800x600,02/03/2025 11:30,Stanislav Levendeev,269.jpg,hazmat_sign,496.24,319.65,518.79,341.04,,33/1203
269,https://www.sinanlitanker.com.tr/dimg/galeri/20130731163548514B.jpg,Sinali Trailers,Sinan Tanker Tailer,800x600,02/03/2025 11:30,Stanislav Levendeev,269.jpg,hazmat_sign,568.5,315.61,588.15,335.84,,33/1203
275,https://www.sinanlitanker.com.tr/dimg/galeri/2013073115420487B.jpg,Sinali Trailers,Sinan Tanker Tailer,800x600,02/03/2025 11:30,Stanislav Levendeev,275.jpg,hazmat_sign,300.64,250.93,327.23,284.45,,33/1203
275,https://www.sinanlitanker.com.tr/dimg/galeri/2013073115420487B.jpg,Sinali Trailers,Sinan Tanker Tailer,800x600,02/03/2025 11:30,Stanislav Levendeev,275.jpg,hazmat_sign,463.06,259.6,502.95,300.64,,33/1203
275,https://www.sinanlitanker.com.tr/dimg/galeri/2013073115420487B.jpg,Sinali Trailers,Sinan Tanker Tailer,800x600,02/03/2025 11:30,Stanislav Levendeev,275.jpg,hazmat_sign,615.67,302.37,644.57,346.3,,33/1203
277,https://www.sinanlitanker.com.tr/dimg/galeri/2013073115511157B.jpg,Sinali Trailers,Sinan Tanker Tailer,800x600,02/03/2025 11:30,Stanislav Levendeev,277.jpg,hazmat_sign,256.71,304.1,280.98,331.85,,33/1203
277,https://www.sinanlitanker.com.tr/dimg/galeri/2013073115511157B.jpg,Sinali Trailers,Sinan Tanker Tailer,800x600,02/03/2025 11:30,Stanislav Levendeev,277.jpg,hazmat_sign,336.47,306.42,364.8,336.47,,33/1203
277,https://www.sinanlitanker.com.tr/dimg/galeri/2013073115511157B.jpg,Sinali Trailers,Sinan Tanker Tailer,800x600,02/03/2025 11:30,Stanislav Levendeev,277.jpg,hazmat_sign,639.94,302.95,668.27,342.83,,33/1203
278,https://www.sinanlitanker.com.tr/dimg/galeri/2013073115524022B.jpg,Sinali Trailers,Sinan Tanker Tailer,800x600,02/03/2025 11:30,Stanislav Levendeev,278.jpg,hazmat_sign,239.36,330.12,270.58,352.66,,33/1203
278,https://www.sinanlitanker.com.tr/dimg/galeri/2013073115524022B.jpg,Sinali Trailers,Sinan Tanker Tailer,800x600,02/03/2025 11:30,Stanislav Levendeev,278.jpg,hazmat_sign,343.41,328.96,375.2,352.66,,33/1203
282,,,Stanislav Levendeev,3000x4000,21/02/2025 11:30,Stanislav Levendeev,282.jpg,hazmat_sign,1415.82,1861.29,1585.38,2030.85,,225/1073
283,,,Stanislav Levendeev,3000x4000,21/02/2025 11:30,Stanislav Levendeev,283.jpg,hazmat_sign,1585.38,1830.46,1747.23,2100.21,,225/1073
